,규모,면적,신축년도,용도지역,주소
0,2,473㎡,2002년 11월 27일,2종일주,광주광역시 광산구 하산동 482-16
1,13,"30,078.4㎡",2009년 05월 20일,3종일주,광주광역시 광산구 산정동 1023
2,15,"12,042㎡",2014년 12월 19일,2종일주,광주광역시 광산구 하남동 544
3,1,"14,103.4㎡",2009년 07월 14일,3종일주,광주광역시 광산구 흑석동 504
4,15,"23,911.3㎡",2009년 07월 14일,3종일주,광주광역시 광산구 흑석동 517
5,15,"7,071㎡",1988년 10월 27일,3종일주,광주광역시 광산구 산정동 939
6,18,"5,942.3㎡",1994년 04월 22일,3종일주,광주광역시 광산구 산정동 933
7,1,"9,736.5㎡",2017년 09월 20일,준주거,광주광역시 광산구 산정동 1052
8,14,"36,665.7㎡",2010년 08월 23일,3종일주,광주광역시 광산구 장덕동 1098
9,1,"27,183.3㎡",1995년 07월 22일,3종일주,광주광역시 광산구 월곡동 538-2
10,19,"26,685.6㎡",1992년 06월 10일,3종일주,광주광역시 광산구 월곡동 538-1
11,4,"30,586.2㎡",1991년 07월 01일,3종일주,광주광역시 광산구 월곡동 614-2
12,5,"32,927.4㎡",1990년 06월 18일,3종일주,광주광역시 광산구 월곡동 614-1
13,20,"63,987㎡",2003년 08월 20일,3종일주,광주광역시 광산구 월곡동 685-1
14,3,"71,518.3㎡",1991년 10월 18일,3종일주,광주광역시 광산구 월곡동 613-1
15,1,"80,016㎡",1977년 12월 12일,2종일주,광주광역시 광산구 소촌동 290
16,5,"3,838㎡",2016년 08월 26일,1종일주,광주광역시 광산구 비아동 149-1
17,6,330.2㎡,2013년 07월 08일,일반상업,광주광역시 광산구 쌍암동 694-20
18,6,335.3㎡,2013년 07월 05일,일반상업,광주광역시 광산구 쌍암동 694-134
19,5,318.1㎡,2012년 11월 06일,일반상업,광주광역시 광산구 쌍암동 694-128
20,6,295.9㎡,2013년 06월 21일,일반상업,광주광역시 광산구 쌍암동 694-19
21,6,376.4㎡,2014년 03월 12일,일반상업,광주광역시 광산구 쌍암동 694-23
22,6,295.9㎡,2013년 06월 20일,일반상업,광주광역시 광산구 쌍암동 694-133
23,5,305㎡,2013년 01월 21일,중심상업,광주광역시 광산구 쌍암동 668-13
24,6,350㎡,2014년 08월 11일,중심상업,광주광역시 광산구 월계동 892-13
25,6,354㎡,2014년 10월 10일,중심상업,광주광역시 광산구 월계동 892-21
26,5,"1,037㎡",2016년 01월 06일,3종일주,광주광역시 광산구 소촌동 752-25
27,5,"1,241㎡",2015년 02월 09일,1종일주,광주광역시 광산구 소촌동 476-1
28,4,"1,207㎡",2005년 08월 12일,1종일주,광주광역시 광산구 신가동 597-29
29,4,"1,207㎡",2005년 08월 12일,1종일주,광주광역시 광산구 신가동 597-31
30,3,"1,438㎡",2008년 01월 31일,자연녹지,광주광역시 광산구 비아동 26-15
31,5,620.1㎡,1993년 02월 10일,1종일주,광주광역시 광산구 우산동 1073-14
32,4,587.4㎡,1992년 06월 29일,1종일주,광주광역시 광산구 우산동 1026-1
33,4,555㎡,2003년 05월 28일,1종일주,광주광역시 광산구 소촌동 374-4
34,4,678㎡,1992년 11월 04일,2종일주,광주광역시 광산구 우산동 872-2
35,4,400㎡,2002년 05월 15일,2종일주,광주광역시 광산구 우산동 1086-5
36,5,441.1㎡,2016년 01월 27일,중심상업,광주광역시 광산구 쌍암동 668-11
37,6,648.8㎡,2012년 12월 24일,중심상업,광주광역시 광산구 쌍암동 662-4
38,5,271.8㎡,2012년 07월 27일,일반상업,광주광역시 광산구 쌍암동 694-125
39,5,270.8㎡,2012년 08월 02일,일반상업,광주광역시 광산구 쌍암동 694-16
40,5,270.6㎡,2012년 08월 02일,일반상업,광주광역시 광산구 쌍암동 694-15
41,5,510.1㎡,2017년 12월 28일,중심상업,광주광역시 광산구 쌍암동 678-4
42,3,335.4㎡,2013년 11월 01일,일반상업,광주광역시 광산구 쌍암동 694-135
43,3,335.5㎡,2013년 07월 11일,일반상업,광주광역시 광산구 쌍암동 694-50
44,5,342.6㎡,2013년 02월 18일,일반상업,광주광역시 광산구 쌍암동 694-17
45,4,99㎡,2015년 09월 17일,2종일주,광주광역시 광산구 운남동 314-1
46,4,735.2㎡,2014년 11월 14일,3종일주,광주광역시 광산구 신가동 918-1
47,6,287.9㎡,2014년 12월 23일,중심상업,광주광역시 광산구 월계동 892-12
48,4,287.3㎡,2005년 12월 05일,3종일주,광주광역시 광산구 비아동 705-5
49,4,225.4㎡,2002년 01월 04일,2종일주,광주광역시 광산구 비아동 688-8
50,3,295.8㎡,1997년 07월 03일,2종일주,광주광역시 광산구 비아동 687-6
51,4,285㎡,2002년 11월 19일,2종일주,광주광역시 광산구 우산동 1471
52,2,311.5㎡,1991년 04월 27일,1종일주,광주광역시 광산구 우산동 1056-6
53,5,295㎡,2005년 11월 23일,2종일주,광주광역시 광산구 우산동 1053-1
54,3,306.7㎡,1997년 04월 17일,1종일주,광주광역시 광산구 우산동 1040-23
55,3,306.5㎡,1997년 04월 17일,1종일주,광주광역시 광산구 우산동 1040-20
56,4,475.1㎡,1994년 12월 08일,1종일주,광주광역시 광산구 우산동 1040-18
57,4,365.6㎡,1994년 01월 20일,1종일주,광주광역시 광산구 우산동 1040-17
58,2,337㎡,1989년 12월 11일,1종일주,광주광역시 광산구 소촌동 514-4
59,4,543㎡,2007년 12월 24일,2종일주,광주광역시 광산구 소촌동 479-2
60,4,326㎡,2001년 09월 19일,2종일주,광주광역시 광산구 소촌동 380-9
61,4,299㎡,2001년 02월 23일,2종일주,광주광역시 광산구 소촌동 380-8
62,4,238㎡,2001년 09월 22일,1종일주,광주광역시 광산구 소촌동 380-1
63,12,241㎡,2003년 01월 21일,일반상업,광주광역시 광산구 소촌동 533-2
64,5,"19,496.7㎡",1996년 02월 22일,3종일주,광주광역시 광산구 월계동 764-4
65,5,"19,714.2㎡",1995년 12월 15일,3종일주,광주광역시 광산구 월계동 764-5
66,1,"20,067.2㎡",1996년 05월 29일,3종일주,광주광역시 광산구 월계동 765-8
67,2,"38,239.3㎡",1997년 05월 19일,3종일주,광주광역시 광산구 월계동 763-6
68,5,"19,029.4㎡",2001년 09월 20일,3종일주,광주광역시 광산구 월계동 763-5
69,5,"23,057.7㎡",1997년 08월 22일,3종일주,광주광역시 광산구 월계동 763-3
70,12,990.8㎡,2014년 10월 24일,중심상업,광주광역시 광산구 월계동 892-17
71,14,567.6㎡,2015년 01월 20일,중심상업,광주광역시 광산구 월계동 878-4
72,9,558.8㎡,2016년 02월 23일,중심상업,광주광역시 광산구 월계동 893-2
73,9,631.1㎡,2012년 04월 27일,중심상업,광주광역시 광산구 월계동 884-2
74,10,501.4㎡,2014년 08월 21일,중심상업,광주광역시 광산구 월계동 883-1
75,8,580.3㎡,2013년 03월 22일,중심상업,광주광역시 광산구 월계동 882-8
76,10,540.3㎡,2016년 08월 18일,중심상업,광주광역시 광산구 월계동 879-4
77,10,540.7㎡,2017년 04월 06일,중심상업,광주광역시 광산구 월계동 879-2
78,5,"16,305.7㎡",1996년 05월 25일,3종일주,광주광역시 광산구 월계동 758-8
79,15,"3,591.5㎡",2014년 06월 23일,중심상업,광주광역시 광산구 월계동 893-1
80,5,"20,114.2㎡",1995년 06월 14일,3종일주,광주광역시 광산구 월계동 764-2
81,22,"58,152㎡",1996년 12월 06일,3종일주,광주광역시 광산구 운남동 387-22
82,18,"53,785.5㎡",2001년 11월 02일,3종일주,광주광역시 광산구 운남동 794-3
83,15,"43,137㎡",1997년 01월 09일,3종일주,광주광역시 광산구 운남동 776-1
84,1,"31,216.6㎡",2009년 07월 08일,3종일주,광주광역시 광산구 운남동 777-1
85,15,"50,354.8㎡",1996년 06월 19일,3종일주,광주광역시 광산구 운남동 771-1
86,20,"47,011.5㎡",2000년 09월 18일,3종일주,광주광역시 광산구 운남동 781-1
87,1,"11,814㎡",,3종일주,광주광역시 광산구 운남동 387-24
88,0,"75,532.1㎡",,3종일주,광주광역시 광산구 우산동 1571-1
89,0,"75,532.1㎡",,3종일주,광주광역시 광산구 우산동 1571-1
90,1,"37,121.5㎡",2010년 01월 14일,3종일주,광주광역시 광산구 우산동 1603-1
91,1,"33,401.5㎡",2012년 01월 27일,3종일주,광주광역시 광산구 우산동 1602-2
92,19,"17,473.1㎡",1992년 11월 18일,3종일주,광주광역시 광산구 우산동 1572-6
93,14,"13,686.8㎡",1992년 03월 07일,3종일주,광주광역시 광산구 우산동 1572-2
94,15,"12,836.6㎡",1992년 03월 11일,3종일주,광주광역시 광산구 우산동 1572-1
95,,,,,광주광역시 광산구 우산동 1599-1
96,,"8,079.5㎡",,3종일주,광주광역시 광산구 우산동 1611-3
97,13,"4,193.5㎡",1991년 03월 20일,2종일주,광주광역시 광산구 우산동 1039-5
98,11,"2,031.2㎡",1994년 02월 22일,2종일주,광주광역시 광산구 우산동 1062-3
99,15,"1,213.4㎡",2017년 03월 03일,일반상업,광주광역시 광산구 우산동 1576-5
100,12,"1,158.6㎡",2014년 10월 16일,일반상업,광주광역시 광산구 우산동 1608-1
101,9,"1,207.1㎡",2013년 07월 22일,일반상업,광주광역시 광산구 우산동 1576-4
102,13,"2,671.3㎡",1992년 05월 30일,2종일주,광주광역시 광산구 우산동 1074-1
103,8,788.5㎡,1998년 01월 16일,1종일주,광주광역시 광산구 우산동 1050-2
104,12,"1,211㎡",2014년 04월 25일,일반상업,광주광역시 광산구 우산동 1594-2
105,11,"12,867.4㎡",1991년 12월 17일,3종일주,광주광역시 광산구 우산동 1572-5
106,1,"28,642.5㎡",2010년 07월 08일,3종일주,광주광역시 광산구 신가동 1019-1
107,12,"6,457㎡",1998년 03월 10일,3종일주,광주광역시 광산구 신가동 302-39
108,15,"10,351㎡",1998년 03월 10일,3종일주,광주광역시 광산구 신가동 302-25
109,18,"14,460.3㎡",2002년 10월 15일,3종일주,광주광역시 광산구 신가동 963-1
110,8,317.7㎡,2013년 07월 17일,일반상업,광주광역시 광산구 신가동 1015-9
111,15,"39,513.2㎡",2009년 05월 19일,3종일주,광주광역시 광산구 신가동 1064
112,12,"49,048.5㎡",2009년 12월 15일,3종일주,광주광역시 광산구 신가동 1202
113,10,"25,082.7㎡",2009년 05월 28일,3종일주,광주광역시 광산구 신가동 1061
114,15,"3,600.2㎡",2015년 09월 11일,중심상업,광주광역시 광산구 쌍암동 676-2
115,10,"1,263.5㎡",2013년 10월 08일,일반상업,광주광역시 광산구 쌍암동 694-115
116,8,358㎡,2013년 01월 21일,일반상업,광주광역시 광산구 쌍암동 694-14
117,7,657.1㎡,2012년 06월 01일,중심상업,광주광역시 광산구 쌍암동 677-12
118,8,400.7㎡,2012년 08월 31일,중심상업,광주광역시 광산구 쌍암동 658-7
119,9,661.2㎡,2013년 06월 25일,일반상업,광주광역시 광산구 쌍암동 694-129
120,15,"1,206.7㎡",2017년 11월 17일,일반상업,광주광역시 광산구 쌍암동 694-74
121,10,869.4㎡,2013년 04월 23일,중심상업,광주광역시 광산구 쌍암동 661-8
122,10,455.8㎡,2014년 02월 07일,중심상업,광주광역시 광산구 쌍암동 660-7
123,12,"1,231.7㎡",2013년 08월 09일,중심상업,광주광역시 광산구 쌍암동 682-1
124,13,787.1㎡,2015년 09월 09일,일반상업,광주광역시 광산구 쌍암동 694-70
125,13,"55,682.5㎡",2011년 04월 13일,3종일주,광주광역시 광산구 장덕동 1037
126,13,724.2㎡,2013년 02월 28일,일반상업,광주광역시 광산구 신창동 1128-4
127,12,676.9㎡,2015년 07월 01일,일반상업,광주광역시 광산구 신창동 1128-2
128,8,858㎡,2016년 12월 02일,2종일주,광주광역시 광산구 신창동 876
129,11,"6,133㎡",1995년 12월 14일,3종일주,광주광역시 광산구 신창동 855-3
130,2,"3,889㎡",1995년 12월 14일,3종일주,광주광역시 광산구 신창동 855-5
131,11,"6,717㎡",2000년 09월 18일,2종일주,광주광역시 광산구 신창동 462-2
132,15,"23,835.2㎡",2005년 12월 01일,3종일주,광주광역시 광산구 신창동 1268
133,15,"45,090.8㎡",2010년 10월 01일,3종일주,광주광역시 광산구 장덕동 1044
134,20,"15,042㎡",1998년 09월 14일,3종일주,광주광역시 광산구 비아동 152-5
135,2,"16,211㎡",2001년 12월 10일,2종일주,광주광역시 광산구 소촌동 290-46
136,12,"2,566㎡",1992년 10월 27일,일반상업,광주광역시 광산구 소촌동 536-9
137,5,"3,643㎡",1988년 04월 25일,2종일주,광주광역시 광산구 소촌동 506-11
138,5,"1,800㎡",1988년 04월 25일,2종일주,광주광역시 광산구 소촌동 506-8
139,9,"1,777.7㎡",2014년 07월 24일,2종일주,광주광역시 광산구 소촌동 872
140,13,"7,313㎡",1995년 05월 23일,3종일주,광주광역시 광산구 소촌동 455
141,1,"3,384㎡",1998년 06월 27일,3종일주,광주광역시 광산구 소촌동 414-2
142,2,"6,979㎡",1995년 03월 24일,3종일주,광주광역시 광산구 소촌동 610
143,13,"2,948㎡",1995년 07월 07일,3종일주,광주광역시 광산구 소촌동 603-3
144,1,"2,443㎡",1997년 11월 27일,3종일주,광주광역시 광산구 소촌동 594-1
145,12,"6,200㎡",1995년 06월 29일,3종일주,광주광역시 광산구 소촌동 440-1
146,15,"4,902㎡",1995년 11월 13일,3종일주,광주광역시 광산구 소촌동 612
147,12,"9,519.3㎡",1995년 12월 28일,3종일주,광주광역시 광산구 도천동 628-1
148,1,"13,267.5㎡",2003년 03월 06일,3종일주,광주광역시 광산구 도천동 627-1
149,5,357.3㎡,2002년 11월 30일,1종일주,광주광역시 북구 두암동 578-2
150,4,139.7㎡,2002년 06월 27일,2종일주,광주광역시 북구 두암동 902-12
151,4,428.7㎡,2006년 07월 27일,1종일주,광주광역시 북구 두암동 900-6
152,3,"2,722㎡",1987년 10월 06일,준주거,광주광역시 북구 두암동 895-2
153,5,787㎡,2013년 11월 05일,2종일주,광주광역시 북구 두암동 866-1
154,4,430.4㎡,2008년 05월 15일,1종일주,광주광역시 북구 두암동 863-40
155,2,283.1㎡,1979년 03월 21일,2종일주,광주광역시 북구 두암동 854-38
156,2,315.8㎡,1983년 01월 14일,2종일주,광주광역시 북구 두암동 854-9
157,3,191.4㎡,1984년 05월 11일,2종일주,광주광역시 북구 두암동 852-2
158,4,351.7㎡,2012년 07월 24일,1종일주,광주광역시 북구 두암동 845-43
159,4,351.6㎡,2012년 07월 24일,1종일주,광주광역시 북구 두암동 845-25
160,4,207.1㎡,2002년 07월 26일,1종일주,광주광역시 북구 두암동 833-28
161,3,538.2㎡,1984년 11월 30일,2종일주,광주광역시 북구 두암동 600-1
162,4,421.3㎡,2012년 09월 28일,2종일주,광주광역시 북구 두암동 599-3
163,4,284㎡,2004년 02월 16일,1종일주,광주광역시 북구 두암동 453-34
164,4,277㎡,2004년 02월 16일,1종일주,광주광역시 북구 두암동 453-31
165,4,223㎡,2004년 08월 30일,1종일주,광주광역시 북구 두암동 453-5
166,4,308㎡,2004년 08월 30일,1종일주,광주광역시 북구 두암동 453-2
167,4,410㎡,1985년 03월 13일,1종일주,광주광역시 북구 두암동 383-1
168,3,"2,286.4㎡",1982년 05월 03일,2종일주,광주광역시 북구 두암동 587-6
169,4,565.3㎡,1982년 08월 31일,2종일주,광주광역시 북구 두암동 585-2
170,4,565.3㎡,1982년 09월 02일,2종일주,광주광역시 북구 두암동 585-39
171,4,"2,013㎡",2014년 01월 28일,1종일주,광주광역시 북구 두암동 399-2
172,3,838.7㎡,1983년 10월 21일,준주거,광주광역시 북구 두암동 841-22
173,3,788.7㎡,1983년 09월 16일,준주거,광주광역시 북구 두암동 841-21
174,3,834㎡,1984년 12월 18일,2종일주,광주광역시 북구 두암동 852-9
175,3,903.8㎡,1986년 09월 01일,2종일주,광주광역시 북구 두암동 852-8
176,3,"1,002㎡",1983년 11월 01일,2종일주,광주광역시 북구 두암동 865-1
177,3,"1,087.6㎡",1984년 05월 11일,1종일주,광주광역시 북구 두암동 590-11
178,3,968.3㎡,1983년 06월 09일,2종일주,광주광역시 북구 두암동 822-11
179,4,"1,276㎡",2011년 04월 29일,1종일주,광주광역시 북구 두암동 399
180,2,951.1㎡,1979년 12월 29일,2종일주,광주광역시 북구 두암동 852-7
181,2,951.5㎡,1980년 10월 28일,2종일주,광주광역시 북구 두암동 906-5
182,3,765㎡,1984년 06월 20일,1종일주,광주광역시 북구 두암동 892-3
183,3,603.2㎡,1984년 06월 01일,1종일주,광주광역시 북구 두암동 892-1
184,3,833.2㎡,1983년 11월 30일,2종일주,광주광역시 북구 두암동 888-18
185,2,436㎡,1981년 09월 05일,준주거,광주광역시 북구 두암동 881-6
186,3,819.8㎡,1984년 01월 24일,1종일주,광주광역시 북구 두암동 876-14
187,3,826.7㎡,1990년 03월 17일,1종일주,광주광역시 북구 두암동 837-4
188,1,"4,162㎡",1985년 06월 17일,2종일주,광주광역시 광산구 송정동 268-5
189,1,"1,722㎡",1982년 02월 24일,1종일주,광주광역시 북구 연제동 483-52
190,3,"1,863㎡",2003년 06월 13일,2종일주,광주광역시 북구 매곡동 106-11
191,5,572㎡,2015년 06월 03일,2종일주,광주광역시 북구 삼각동 753-33
192,3,"3,973㎡",2002년 05월 02일,자연녹지,광주광역시 북구 매곡동 119-2
193,5,"1,582㎡",2013년 05월 13일,2종일주,광주광역시 북구 본촌동 3044
194,,862.6㎡,,2종일주,광주광역시 북구 본촌동 3035
195,5,731㎡,2013년 03월 08일,2종일주,광주광역시 북구 본촌동 2864
196,5,"1,015.6㎡",2013년 05월 03일,2종일주,광주광역시 북구 본촌동 2969
197,3,"1,924㎡",1988년 10월 21일,2종일주,광주광역시 광산구 송정동 521
198,5,601㎡,2011년 11월 04일,2종일주,광주광역시 광산구 송정동 612
199,3,"1,181㎡",1984년 07월 13일,일반상업,광주광역시 광산구 송정동 745-1
200,3,760㎡,1982년 12월 13일,일반상업,광주광역시 광산구 송정동 878-5
201,4,232㎡,1994년 04월 21일,1종일주,광주광역시 광산구 송정동 270-11
202,1,"3,880㎡",1984년 08월 09일,1종일주,광주광역시 북구 양산동 547-1
203,5,"1,386.6㎡",2013년 10월 01일,2종일주,광주광역시 북구 양산동 1083
204,3,752㎡,1984년 06월 20일,2종일주,광주광역시 북구 양산동 283-47
205,,791.9㎡,,2종일주,광주광역시 북구 양산동 1068
206,4,591.4㎡,2012년 09월 14일,2종일주,광주광역시 북구 양산동 923
207,,"1,317㎡",,1종일주,광주광역시 북구 양산동 660-81
208,5,754.9㎡,2013년 01월 21일,2종일주,광주광역시 북구 양산동 1032
209,5,772㎡,2012년 11월 08일,2종일주,광주광역시 북구 양산동 919-2
210,4,"1,152.2㎡",2013년 06월 20일,2종일주,광주광역시 북구 양산동 1059
211,5,"1,090.2㎡",2012년 10월 25일,2종일주,광주광역시 북구 양산동 765
212,5,432㎡,2012년 03월 30일,1종일주,광주광역시 북구 오치동 639
213,3,"2,459.4㎡",1983년 09월 14일,2종일주,광주광역시 북구 오치동 979-8
214,4,"1,010.4㎡",2013년 02월 21일,2종일주,광주광역시 북구 오치동 984-5
215,3,"1,021.1㎡",1984년 05월 23일,2종일주,광주광역시 북구 오치동 980-17
216,3,"1,470.2㎡",1985년 12월 05일,2종일주,광주광역시 북구 오치동 979-7
217,0,"1,400.3㎡",,2종일주,광주광역시 북구 오치동 979-6
218,2,655.6㎡,1979년 12월 10일,2종일주,광주광역시 북구 오치동 950-13
219,,791.9㎡,,1종일주,광주광역시 북구 오치동 913-3
220,4,"1,028㎡",2012년 11월 01일,1종일주,광주광역시 북구 오치동 941-7
221,1,"1,145㎡",1993년 12월 19일,2종일주,광주광역시 북구 오치동 979-1
222,4,432.3㎡,2012년 10월 08일,2종일주,광주광역시 북구 양산동 762-1
223,5,"1,322.9㎡",2012년 09월 27일,2종일주,광주광역시 북구 양산동 709
224,4,606.9㎡,2012년 11월 13일,2종일주,광주광역시 북구 양산동 1075
225,7,439.1㎡,2018년 01월 03일,2종일주,광주광역시 북구 양산동 1046
226,5,640.3㎡,2012년 11월 14일,2종일주,광주광역시 북구 양산동 1000
227,5,772.3㎡,2012년 11월 06일,2종일주,광주광역시 북구 양산동 919
228,5,392.3㎡,2012년 12월 26일,2종일주,광주광역시 북구 양산동 879
229,4,397.2㎡,2012년 10월 12일,2종일주,광주광역시 북구 양산동 859
230,4,408.7㎡,2012년 10월 08일,2종일주,광주광역시 북구 양산동 762
231,4,402.6㎡,2013년 04월 17일,2종일주,광주광역시 북구 양산동 702
232,4,497.3㎡,2012년 07월 25일,2종일주,광주광역시 북구 양산동 696-1
233,4,497.3㎡,2012년 07월 25일,2종일주,광주광역시 북구 양산동 696
234,5,804.4㎡,2012년 12월 24일,2종일주,광주광역시 북구 양산동 690-4
235,3,336㎡,2002년 11월 15일,1종일주,광주광역시 북구 양산동 361-5
236,4,384㎡,1992년 11월 09일,1종일주,광주광역시 북구 양산동 361-1
237,4,161㎡,2001년 12월 19일,2종일주,광주광역시 북구 양산동 254-121
238,5,230㎡,2013년 04월 03일,일반상업,광주광역시 북구 양산동 249-21
239,4,792㎡,2012년 12월 21일,2종일주,광주광역시 북구 양산동 93-18
240,5,276㎡,2002년 01월 05일,2종일주,광주광역시 북구 오치동 856-43
241,4,291.2㎡,2002년 01월 02일,1종일주,광주광역시 북구 오치동 946-4
242,5,228.3㎡,2004년 10월 20일,2종일주,광주광역시 북구 오치동 923-8
243,3,226.1㎡,2002년 02월 08일,1종일주,광주광역시 북구 오치동 962-21
244,4,227.6㎡,2003년 05월 02일,2종일주,광주광역시 북구 오치동 993-2
245,2,388.5㎡,1992년 04월 23일,2종일주,광주광역시 북구 오치동 986-9
246,4,377.6㎡,2014년 08월 18일,2종일주,광주광역시 북구 오치동 977-2
247,4,236.5㎡,1994년 05월 27일,2종일주,광주광역시 북구 오치동 967-18
248,4,364.5㎡,1993년 11월 09일,2종일주,광주광역시 북구 오치동 961-7
249,3,431.5㎡,1991년 09월 25일,2종일주,광주광역시 북구 오치동 957-9
250,3,161.9㎡,2003년 03월 25일,2종일주,광주광역시 북구 오치동 957-5
251,4,381.5㎡,2001년 04월 25일,1종일주,광주광역시 북구 오치동 935-9
252,4,234.6㎡,2000년 06월 02일,1종일주,광주광역시 북구 오치동 934-11
253,4,786㎡,2013년 01월 11일,1종일주,광주광역시 북구 오치동 930-15
254,5,148.6㎡,2016년 11월 23일,1종일주,광주광역시 북구 오치동 927-2
255,4,302㎡,2004년 07월 16일,3종일주,광주광역시 북구 오치동 858-2
256,5,271㎡,2002년 01월 15일,2종일주,광주광역시 북구 오치동 856-42
257,5,271㎡,2002년 01월 18일,2종일주,광주광역시 북구 오치동 856-4
258,5,448㎡,2014년 10월 14일,1종일주,광주광역시 북구 오치동 630-4
259,5,459㎡,2014년 10월 14일,1종일주,광주광역시 북구 오치동 630-3
260,4,353㎡,2001년 03월 10일,1종일주,광주광역시 광산구 운수동 68-53
261,3,279㎡,2001년 03월 10일,1종일주,광주광역시 광산구 운수동 68-54
262,1,376㎡,1983년 10월 19일,3종일주,광주광역시 광산구 운수동 66-58
263,1,660㎡,1983년 10월 19일,1종일주,광주광역시 광산구 운수동 66-49
264,1,318㎡,1983년 10월 19일,1종일주,광주광역시 광산구 운수동 66-46
265,1,328㎡,1983년 10월 19일,1종일주,광주광역시 광산구 운수동 66-45
266,1,636㎡,1983년 10월 19일,1종일주,광주광역시 광산구 운수동 66-41
267,1,330㎡,1983년 10월 19일,1종일주,광주광역시 광산구 운수동 66-27
268,1,650㎡,1983년 10월 19일,1종일주,광주광역시 광산구 운수동 66-26
269,1,660㎡,1983년 10월 19일,1종일주,광주광역시 광산구 운수동 66-25
270,1,649㎡,1983년 10월 19일,1종일주,광주광역시 광산구 운수동 66-21
271,1,330㎡,1983년 10월 19일,1종일주,광주광역시 광산구 운수동 66-20
272,1,329㎡,1983년 10월 19일,1종일주,광주광역시 광산구 운수동 66-19
273,1,318㎡,1983년 10월 19일,1종일주,광주광역시 광산구 운수동 66-15
274,1,318㎡,1983년 10월 19일,1종일주,광주광역시 광산구 운수동 66-14
275,5,326㎡,2012년 11월 08일,준주거,광주광역시 광산구 운수동 26-24
276,1,655㎡,1983년 10월 19일,준주거,광주광역시 광산구 운수동 66-53
277,1,642㎡,1983년 10월 19일,1종일주,광주광역시 광산구 운수동 66-32
278,5,194㎡,2016년 01월 19일,2종일주,광주광역시 광산구 송정동 947-1
279,3,553㎡,1990년 03월 28일,일반상업,광주광역시 광산구 송정동 731-5
280,4,114㎡,2007년 08월 16일,2종일주,광주광역시 광산구 송정동 588-3
281,4,199㎡,2003년 10월 07일,2종일주,광주광역시 광산구 송정동 556-10
282,6,209㎡,2013년 12월 11일,일반상업,광주광역시 광산구 송정동 867-17
283,6,264㎡,2003년 10월 13일,일반상업,광주광역시 광산구 송정동 837-1
284,4,364㎡,2001년 10월 24일,1종일주,광주광역시 광산구 송정동 422-2
285,4,288㎡,2002년 03월 05일,1종일주,광주광역시 광산구 송정동 327-5
286,5,"1,182.7㎡",2012년 12월 13일,2종일주,광주광역시 북구 용두동 1054
287,5,61㎡,2016년 11월 14일,2종일주,광주광역시 북구 일곡동 553
288,5,413㎡,2015년 05월 21일,2종일주,광주광역시 북구 일곡동 535-3
289,5,355㎡,2005년 06월 03일,2종일주,광주광역시 북구 일곡동 529-2
290,5,350㎡,2005년 06월 03일,2종일주,광주광역시 북구 일곡동 529
291,5,414㎡,2004년 11월 23일,2종일주,광주광역시 북구 일곡동 520-1
292,5,439㎡,2004년 09월 20일,2종일주,광주광역시 북구 일곡동 520
293,4,260㎡,2012년 02월 09일,2종일주,광주광역시 북구 일곡동 396
294,4,179㎡,1991년 11월 02일,2종일주,광주광역시 광산구 신촌동 1040-10
295,2,349㎡,1989년 12월 28일,2종일주,광주광역시 광산구 신촌동 946-1
296,4,418㎡,2012년 12월 04일,1종일주,광주광역시 광산구 신촌동 709-18
297,4,414㎡,2012년 12월 04일,1종일주,광주광역시 광산구 신촌동 709-17
298,4,444㎡,2012년 12월 04일,1종일주,광주광역시 광산구 신촌동 709-7
299,4,383.3㎡,2012년 10월 09일,2종일주,광주광역시 북구 본촌동 3025
300,4,626.5㎡,2012년 11월 20일,2종일주,광주광역시 북구 본촌동 3006
301,4,425.7㎡,2012년 09월 26일,2종일주,광주광역시 북구 본촌동 2955
302,5,312㎡,2012년 09월 18일,2종일주,광주광역시 북구 삼각동 753-25
303,4,527㎡,2014년 04월 07일,1종일주,광주광역시 북구 삼각동 585-15
304,5,569㎡,2003년 03월 13일,1종일주,광주광역시 북구 삼각동 585-1
305,4,420㎡,2009년 09월 07일,2종일주,광주광역시 북구 삼각동 507-9
306,4,689㎡,2010년 05월 10일,자연녹지,광주광역시 광산구 선암동 318
307,4,434㎡,2003년 08월 08일,2종일주,광주광역시 광산구 도산동 877-9
308,2,167㎡,1982년 11월 19일,1종일주,광주광역시 북구 신용동 495-9
309,4,211㎡,2001년 06월 18일,1종일주,광주광역시 북구 연제동 398-68
310,3,344㎡,1996년 07월 25일,1종일주,광주광역시 북구 매곡동 200-4
311,20,"68,395.6㎡",1998년 11월 28일,3종일주,광주광역시 북구 신용동 643-1
312,15,"65,858㎡",2011년 01월 28일,2종일주,광주광역시 북구 신용동 667
313,13,"20,520.5㎡",2005년 05월 02일,2종일주,광주광역시 북구 신용동 647
314,13,"36,345.4㎡",2011년 01월 28일,2종일주,광주광역시 북구 신용동 679
315,15,"34,562.6㎡",1992년 05월 13일,3종일주,광주광역시 북구 오치동 1003
316,15,"22,754㎡",1993년 12월 20일,3종일주,광주광역시 북구 두암동 969-6
317,15,"67,951.7㎡",1993년 12월 09일,3종일주,광주광역시 북구 두암동 968-1
318,14,"24,481.3㎡",2001년 02월 26일,3종일주,광주광역시 북구 일곡동 819-3
319,2,"19,820.3㎡",2000년 10월 26일,3종일주,광주광역시 북구 일곡동 849-2
320,14,"12,958.9㎡",2000년 12월 02일,3종일주,광주광역시 북구 일곡동 817-5
321,15,"14,902.2㎡",2000년 08월 31일,3종일주,광주광역시 북구 일곡동 850-4
322,18,"23,068㎡",1997년 04월 25일,3종일주,광주광역시 북구 일곡동 819-2
323,20,"11,857.3㎡",1997년 11월 25일,3종일주,광주광역시 북구 일곡동 849-8
324,1,"19,941.6㎡",1998년 02월 11일,3종일주,광주광역시 북구 일곡동 848-1
325,3,"13,161.4㎡",1996년 12월 30일,3종일주,광주광역시 북구 일곡동 850-3
326,2,"13,105.8㎡",1997년 01월 04일,3종일주,광주광역시 북구 일곡동 850-5
327,21,"17,119.3㎡",1997년 07월 26일,3종일주,광주광역시 북구 일곡동 849-1
328,20,"24,017.7㎡",1997년 12월 26일,3종일주,광주광역시 북구 일곡동 848-2
329,22,"12,877.9㎡",1998년 07월 18일,3종일주,광주광역시 북구 일곡동 849-9
330,15,"67,951.7㎡",1993년 12월 09일,3종일주,광주광역시 북구 두암동 968-1
331,15,"24,416.6㎡",1994년 03월 28일,3종일주,광주광역시 북구 두암동 969-1
332,20,"17,793㎡",1995년 11월 11일,3종일주,광주광역시 북구 두암동 73
333,20,"8,789㎡",1999년 06월 21일,3종일주,광주광역시 북구 두암동 117
334,2,"4,335.7㎡",1983년 03월 17일,2종일주,광주광역시 북구 두암동 580-1
335,5,"4,337.7㎡",1983년 10월 28일,2종일주,광주광역시 북구 두암동 572-3
336,9,"1,065.4㎡",2017년 04월 03일,2종일주,광주광역시 북구 두암동 1002
337,1,"2,755.7㎡",1983년 12월 16일,2종일주,광주광역시 북구 두암동 902-2
338,3,"3,048.7㎡",1979년 04월 24일,2종일주,광주광역시 북구 두암동 885-9
339,5,"1,990㎡",1983년 11월 24일,2종일주,광주광역시 북구 두암동 884-3
340,5,748㎡,1982년 09월 28일,2종일주,광주광역시 북구 두암동 874-33
341,5,603.5㎡,1982년 09월 28일,2종일주,광주광역시 북구 두암동 874-10
342,5,860.4㎡,1982년 11월 11일,2종일주,광주광역시 북구 두암동 872-18
343,5,886.1㎡,1983년 03월 30일,2종일주,광주광역시 북구 두암동 872-1
344,5,469.7㎡,1983년 10월 10일,2종일주,광주광역시 북구 두암동 871-7
345,5,"2,735.3㎡",1984년 11월 21일,2종일주,광주광역시 북구 두암동 870-1
346,5,"1,645㎡",1983년 12월 30일,2종일주,광주광역시 북구 두암동 869-1
347,4,710.6㎡,1983년 04월 21일,2종일주,광주광역시 북구 두암동 864-16
348,5,757.1㎡,1983년 04월 02일,2종일주,광주광역시 북구 두암동 864-3
349,2,"1,901.4㎡",1985년 12월 30일,2종일주,광주광역시 북구 두암동 850-19
350,5,801㎡,1982년 08월 28일,2종일주,광주광역시 북구 두암동 825-1
351,5,986.2㎡,1983년 12월 12일,2종일주,광주광역시 북구 두암동 824-5
352,5,"1,428.1㎡",1982년 08월 28일,2종일주,광주광역시 북구 두암동 824-1
353,5,"2,902㎡",1985년 04월 27일,2종일주,광주광역시 북구 두암동 808-2
354,5,"1,103.6㎡",1983년 10월 27일,2종일주,광주광역시 북구 두암동 600-6
355,5,780㎡,1982년 11월 13일,2종일주,광주광역시 북구 두암동 586-1
356,5,779.9㎡,1982년 10월 04일,2종일주,광주광역시 북구 두암동 581-2
357,5,794.4㎡,1982년 09월 20일,2종일주,광주광역시 북구 두암동 581-1
358,5,885㎡,1983년 10월 25일,2종일주,광주광역시 북구 두암동 570-11
359,5,827.3㎡,1983년 12월 09일,2종일주,광주광역시 북구 두암동 570-2
360,8,"1,765㎡",1987년 07월 27일,1종일주,광주광역시 북구 두암동 456-1
361,10,"3,721㎡",1997년 04월 12일,2종일주,광주광역시 북구 두암동 310-1
362,8,925㎡,1992년 05월 16일,2종일주,광주광역시 북구 두암동 197-4
363,5,"2,972.3㎡",1979년 04월 06일,2종일주,광주광역시 북구 두암동 849-21
364,2,"3,886㎡",1987년 01월 23일,3종일주,광주광역시 북구 두암동 598-3
365,2,"5,195.6㎡",1984년 02월 20일,3종일주,광주광역시 북구 두암동 579-1
366,2,"4,965㎡",2000년 02월 21일,2종일주,광주광역시 북구 두암동 329
367,13,"4,171㎡",1988년 05월 20일,3종일주,광주광역시 북구 두암동 326
368,12,"14,973.3㎡",1988년 05월 24일,2종일주,광주광역시 북구 두암동 947-1
369,15,"13,124㎡",1998년 02월 19일,3종일주,광주광역시 북구 양산동 101
370,2,"11,146㎡",1995년 03월 23일,3종일주,광주광역시 북구 삼각동 753-10
371,15,264㎡,1996년 10월 10일,3종일주,광주광역시 북구 양산동 274-3
372,20,"8,275㎡",1997년 01월 20일,3종일주,광주광역시 북구 양산동 355
373,11,"1,411㎡",1995년 12월 20일,3종일주,광주광역시 광산구 신촌동 827-1
374,1,"5,867㎡",2009년 08월 20일,2종일주,광주광역시 광산구 송정동 965-1
375,17,"4,022㎡",1992년 12월 28일,3종일주,광주광역시 북구 오치동 869-6
376,15,"4,037㎡",1997년 10월 25일,3종일주,광주광역시 북구 양산동 288-15
377,12,"4,589㎡",1995년 04월 13일,2종일주,광주광역시 북구 매곡동 215-2
378,20,"6,548㎡",1995년 04월 22일,3종일주,광주광역시 북구 매곡동 214-10
379,13,"10,498㎡",1995년 07월 24일,2종일주,광주광역시 광산구 도산동 1136-1
380,10,"3,526㎡",1998년 03월 21일,2종일주,광주광역시 광산구 도산동 782
381,15,"34,666.6㎡",1992년 10월 10일,3종일주,광주광역시 북구 오치동 1005
382,15,36㎡,1995년 12월 19일,3종일주,광주광역시 북구 오치동 881-26
383,18,"8,255㎡",1992년 06월 11일,3종일주,광주광역시 북구 오치동 862-1
384,2,"16,247㎡",1991년 10월 07일,3종일주,광주광역시 북구 오치동 862-14
385,19,"7,897㎡",1992년 06월 30일,3종일주,광주광역시 북구 오치동 862-9
386,1,"5,865㎡",1994년 02월 28일,3종일주,광주광역시 북구 오치동 866-2
387,15,"4,696.2㎡",1991년 03월 20일,준주거,광주광역시 북구 오치동 940-1
388,1,"6,468㎡",1995년 07월 20일,3종일주,광주광역시 북구 오치동 925-1
389,15,"9,897㎡",1991년 06월 29일,3종일주,광주광역시 북구 오치동 872-2
390,2,"1,929㎡",1996년 12월 24일,2종일주,광주광역시 북구 오치동 762
391,13,"2,021㎡",1998년 02월 18일,3종일주,광주광역시 북구 오치동 862-10
392,2,"2,484.6㎡",1993년 08월 04일,2종일주,광주광역시 북구 오치동 984-2
393,18,"2,828㎡",1995년 03월 31일,3종일주,광주광역시 북구 오치동 929-1
394,5,"4,466.3㎡",1979년 10월 23일,2종일주,광주광역시 북구 오치동 972-1
395,9,"1,253㎡",2002년 04월 22일,근린상업,광주광역시 북구 오치동 857-9
396,1,"1,523㎡",1993년 06월 22일,2종일주,광주광역시 북구 오치동 985-1
397,9,"1,263.1㎡",,2종일주,광주광역시 북구 오치동 984-6
398,10,904.4㎡,1995년 01월 07일,2종일주,광주광역시 북구 오치동 981-7
399,5,"2,468㎡",1983년 02월 17일,2종일주,광주광역시 북구 오치동 980-14
400,5,"1,040.6㎡",1982년 10월 28일,2종일주,광주광역시 북구 오치동 934-6
401,5,"1,026.6㎡",1992년 10월 26일,2종일주,광주광역시 북구 오치동 934-3
402,5,"2,511.7㎡",1978년 01월 30일,2종일주,광주광역시 북구 오치동 924-13
403,9,734㎡,2013년 12월 18일,근린상업,광주광역시 북구 오치동 857-16
404,8,733㎡,2014년 10월 29일,근린상업,광주광역시 북구 오치동 857-14
405,14,810㎡,2013년 01월 28일,근린상업,광주광역시 북구 오치동 856-25
406,9,295㎡,2013년 05월 30일,근린상업,광주광역시 북구 오치동 857-10
407,11,"1,797㎡",2014년 02월 21일,근린상업,광주광역시 북구 오치동 856-7
408,2,"5,324㎡",2012년 07월 08일,3종일주,광주광역시 북구 오치동 855-9
409,15,"11,324㎡",1990년 10월 31일,3종일주,광주광역시 북구 오치동 406
410,15,"16,439㎡",1997년 06월 17일,3종일주,광주광역시 북구 양산동 205-6
411,7,"7,047㎡",1996년 06월 04일,3종일주,광주광역시 북구 양산동 611-7
412,2,"6,698㎡",1991년 05월 28일,3종일주,광주광역시 북구 양산동 366-1
413,2,"13,808㎡",1996년 01월 18일,3종일주,광주광역시 북구 양산동 205-1
414,2,"3,259㎡",1997년 10월 25일,3종일주,광주광역시 북구 양산동 288-16
415,3,"4,653㎡",1993년 03월 29일,3종일주,광주광역시 북구 양산동 249-33
416,13,"4,819㎡",1991년 11월 09일,3종일주,광주광역시 북구 양산동 209-17
417,14,"2,160.6㎡",2016년 08월 26일,일반상업,광주광역시 북구 양산동 804
418,9,431.9㎡,2013년 07월 31일,일반상업,광주광역시 북구 양산동 806-1
419,9,436.9㎡,2013년 08월 29일,일반상업,광주광역시 북구 양산동 806
420,9,431.4㎡,2013년 09월 12일,일반상업,광주광역시 북구 양산동 805-1
421,9,436.2㎡,2013년 10월 14일,일반상업,광주광역시 북구 양산동 805
422,20,"7,486㎡",1992년 12월 28일,3종일주,광주광역시 북구 양산동 209-8
423,15,"18,889㎡",2004년 12월 02일,2종일주,광주광역시 북구 양산동 687
424,12,"51,435.3㎡",2011년 11월 14일,2종일주,광주광역시 광산구 선암동 540
425,13,"8,423㎡",2000년 01월 25일,2종일주,광주광역시 광산구 송정동 238
426,13,"14,762㎡",1998년 01월 09일,3종일주,광주광역시 광산구 송정동 918-3
427,3,"10,601㎡",1997년 03월 18일,2종일주,광주광역시 광산구 송정동 593
428,13,"8,002㎡",1995년 07월 22일,2종일주,광주광역시 광산구 송정동 230-8
429,14,"2,524㎡",1999년 10월 28일,2종일주,광주광역시 광산구 송정동 948-4
430,14,"1,177㎡",2017년 01월 05일,일반상업,광주광역시 광산구 송정동 763-12
431,13,"1,105㎡",2016년 06월 14일,일반상업,광주광역시 광산구 송정동 840-33
432,5,"1,043㎡",1983년 06월 21일,2종일주,광주광역시 광산구 송정동 876-1
433,5,572㎡,1983년 06월 21일,2종일주,광주광역시 광산구 송정동 876
434,14,716㎡,2016년 01월 13일,일반상업,광주광역시 광산구 송정동 859-7
435,14,707㎡,2016년 01월 13일,일반상업,광주광역시 광산구 송정동 859-3
436,9,"2,550㎡",1991년 12월 06일,2종일주,광주광역시 광산구 송정동 815-8
437,8,466㎡,2014년 07월 23일,일반상업,광주광역시 광산구 송정동 754-2
438,1,"5,288㎡",1997년 07월 18일,2종일주,광주광역시 광산구 송정동 266
439,1,"3,511㎡",1984년 07월 03일,2종일주,광주광역시 광산구 송정동 880-2
440,13,"10,977㎡",1997년 01월 14일,2종일주,광주광역시 광산구 송정동 425-2
441,9,"6,139㎡",1998년 03월 05일,2종일주,광주광역시 광산구 송정동 202
442,18,"6,891㎡",1993년 01월 27일,3종일주,광주광역시 북구 매곡동 178-7
443,1,"4,517㎡",1991년 03월 13일,3종일주,광주광역시 북구 매곡동 214-12
444,2,"4,194㎡",1991년 03월 23일,3종일주,광주광역시 북구 매곡동 214-16
445,9,"3,656.3㎡",2014년 06월 24일,2종일주,광주광역시 북구 매곡동 493
446,15,"2,712㎡",2003년 08월 12일,2종일주,광주광역시 북구 매곡동 182-3
447,1,"5,081㎡",1997년 05월 30일,3종일주,광주광역시 북구 매곡동 57
448,20,"5,139㎡",1991년 11월 01일,3종일주,광주광역시 북구 매곡동 214-1
449,3,"6,056㎡",1995년 04월 21일,3종일주,광주광역시 북구 매곡동 280-1
450,1,"9,755㎡",2008년 04월 08일,2종일주,광주광역시 광산구 도산동 1081
451,9,"4,902㎡",1993년 11월 30일,2종일주,광주광역시 광산구 도산동 840-1
452,1,"17,738.3㎡",2016년 12월 07일,2종일주,광주광역시 광산구 도산동 1314
453,13,"11,981㎡",1997년 08월 20일,2종일주,광주광역시 광산구 도산동 1077-1
454,12,"3,815.5㎡",1997년 01월 20일,2종일주,광주광역시 광산구 도산동 1304-1
455,13,"2,295.7㎡",1998년 10월 29일,2종일주,광주광역시 광산구 도산동 1298-3
456,10,"4,235㎡",1994년 09월 16일,2종일주,광주광역시 광산구 도산동 1138-1
457,1,"3,091.4㎡",1997년 08월 25일,2종일주,광주광역시 광산구 도산동 1281-5
458,3,"3,943㎡",1990년 07월 31일,2종일주,광주광역시 광산구 도산동 1138-2
459,11,"1,280.5㎡",1995년 11월 08일,2종일주,광주광역시 광산구 도산동 1297-3
460,12,"3,708.4㎡",2016년 06월 24일,2종일주,광주광역시 광산구 도산동 1313
461,15,"5,665㎡",2001년 12월 13일,2종일주,광주광역시 광산구 도산동 849
462,14,"4,456㎡",2002년 02월 07일,2종일주,광주광역시 광산구 도산동 826
463,15,"38,960㎡",1997년 07월 04일,3종일주,광주광역시 북구 삼각동 533
464,2,"4,073㎡",1997년 04월 15일,3종일주,광주광역시 북구 삼각동 171
465,1,"3,218㎡",2001년 03월 26일,3종일주,광주광역시 북구 삼각동 672
466,9,"3,645㎡",1990년 10월 29일,3종일주,광주광역시 북구 삼각동 755-22
467,15,"7,671㎡",1990년 11월 20일,3종일주,광주광역시 북구 삼각동 755-17
468,20,"11,160㎡",1994년 06월 29일,3종일주,광주광역시 북구 삼각동 637
469,2,"9,302㎡",1995년 03월 21일,3종일주,광주광역시 북구 삼각동 755-16
470,15,"30,080.3㎡",2006년 04월 26일,3종일주,광주광역시 북구 연제동 11
471,15,"28,743㎡",2007년 12월 17일,2종일주,광주광역시 북구 용두동 1089
472,5,"4,879㎡",1985년 03월 05일,일반상업,광주광역시 북구 용두동 296-1
473,18,"18,271㎡",1998년 06월 13일,3종일주,광주광역시 북구 용두동 330
474,5,311㎡,1989년 10월 31일,2종일주,광주광역시 북구 용두동 289
475,11,"28,280㎡",2000년 11월 24일,2종일주,광주광역시 광산구 소촌동 286-1
476,14,"1,697㎡",2016년 08월 22일,2종일주,광주광역시 광산구 소촌동 185-7
477,1,"16,354㎡",2004년 03월 29일,3종일주,광주광역시 광산구 신촌동 826-1
478,15,"6,618㎡",2003년 11월 26일,2종일주,광주광역시 광산구 신촌동 844
479,12,"6,413㎡",1997년 10월 08일,2종일주,광주광역시 광산구 운수동 65-50
480,2,"6,888㎡",2002년 02월 01일,2종일주,광주광역시 광산구 신촌동 709-2
481,5,"2,387㎡",1982년 12월 29일,2종일주,광주광역시 광산구 신촌동 1061-3
482,3,"5,028㎡",1982년 12월 31일,2종일주,광주광역시 북구 운암동 1120-2
483,3,"1,332㎡",1982년 11월 22일,1종일주,광주광역시 북구 운암동 154-38
484,5,604㎡,2013년 06월 21일,2종일주,광주광역시 북구 운암동 876-7
485,3,"1,301.2㎡",1984년 11월 28일,2종일주,광주광역시 북구 운암동 483-2
486,2,610.9㎡,1980년 04월 04일,2종일주,광주광역시 북구 운암동 480-7
487,3,411.6㎡,1983년 02월 12일,근린상업,광주광역시 북구 운암동 447-5
488,3,957.1㎡,1983년 02월 08일,2종일주,광주광역시 북구 운암동 491-5
489,2,"1,108.4㎡",1984년 08월 09일,2종일주,광주광역시 북구 운암동 423-7
490,5,925.3㎡,2012년 09월 21일,준주거,광주광역시 북구 중흥동 648-11
491,3,926㎡,1983년 07월 07일,준주거,광주광역시 북구 중흥동 689-1
492,6,397㎡,2013년 10월 08일,일반상업,광주광역시 북구 중흥동 710-25
493,3,916.7㎡,1983년 07월 07일,준주거,광주광역시 북구 중흥동 689-6
494,3,549㎡,1984년 01월 14일,준주거,광주광역시 북구 중흥동 599-118
495,3,674.8㎡,1983년 01월 10일,준주거,광주광역시 북구 중흥동 599-52
496,3,456.3㎡,1982년 12월 21일,준주거,광주광역시 북구 중흥동 599-24
497,4,554.2㎡,1982년 09월 28일,2종일주,광주광역시 북구 중흥동 339-1
498,5,816.5㎡,2012년 09월 24일,1종일주,광주광역시 북구 중흥동 320-13
499,3,798.9㎡,1983년 06월 17일,준주거,광주광역시 북구 중흥동 599-48
500,3,906.3㎡,1981년 10월 27일,준주거,광주광역시 북구 중흥동 599-28
501,3,"3,368㎡",1985년 03월 23일,2종일주,광주광역시 남구 지석동 411-15
502,3,"1,170.9㎡",1983년 12월 14일,준주거,광주광역시 북구 신안동 483-3
503,6,710㎡,2012년 01월 18일,3종일주,광주광역시 북구 신안동 353-16
504,3,859.4㎡,1983년 10월 18일,준주거,광주광역시 북구 신안동 480-8
505,3,"1,032.7㎡",1983년 12월 13일,1종일주,광주광역시 북구 신안동 253-10
506,3,600.7㎡,1985년 09월 16일,준주거,광주광역시 북구 신안동 477-5
507,3,529.5㎡,1983년 12월 09일,1종일주,광주광역시 북구 신안동 260-19
508,3,682.1㎡,1983년 12월 08일,1종일주,광주광역시 북구 신안동 260-7
509,3,521.3㎡,1983년 08월 23일,준주거,광주광역시 북구 신안동 251-4
510,3,464.1㎡,1983년 04월 19일,2종일주,광주광역시 북구 신안동 212-7
511,5,410.3㎡,2012년 11월 07일,일반상업,광주광역시 북구 신안동 145-1
512,3,761.9㎡,1983년 03월 29일,준주거,광주광역시 북구 우산동 518-85
513,3,464.2㎡,1982년 09월 09일,준주거,광주광역시 북구 우산동 518-71
514,3,768.4㎡,1983년 11월 17일,2종일주,광주광역시 북구 우산동 204-2
515,3,314㎡,1983년 10월 27일,2종일주,광주광역시 북구 우산동 27-16
516,3,408.8㎡,1983년 10월 27일,2종일주,광주광역시 북구 우산동 15
517,4,804㎡,1995년 12월 20일,준주거,광주광역시 북구 용봉동 1039-2
518,4,239㎡,1997년 04월 30일,2종일주,광주광역시 북구 용봉동 3-44
519,7,775.7㎡,2014년 10월 31일,2종일주,광주광역시 북구 용봉동 1349-1
520,4,524㎡,1996년 04월 15일,1종일주,광주광역시 북구 용봉동 143-1
521,7,643.7㎡,2014년 10월 31일,2종일주,광주광역시 북구 용봉동 1349-4
522,5,"1,914㎡",2014년 07월 24일,2종일주,광주광역시 남구 지석동 325-18
523,2,"1,166.2㎡",1980년 11월 03일,2종일주,광주광역시 남구 봉선동 936-7
524,3,880㎡,1983년 06월 17일,2종일주,광주광역시 북구 문흥동 745-6
525,3,673.8㎡,1983년 06월 17일,2종일주,광주광역시 북구 문흥동 740-10
526,3,159㎡,1995년 04월 08일,2종일주,광주광역시 북구 문흥동 235
527,4,561㎡,2014년 03월 05일,1종일주,광주광역시 북구 풍향동 752
528,5,248.8㎡,2012년 05월 03일,일반상업,광주광역시 북구 유동 107-2
529,5,202.1㎡,2003년 08월 09일,일반상업,광주광역시 북구 신안동 494-15
530,5,275.4㎡,2012년 11월 23일,준주거,광주광역시 북구 신안동 483-30
531,5,168.6㎡,2012년 02월 28일,준주거,광주광역시 북구 신안동 483-5
532,5,328.4㎡,2013년 08월 07일,준주거,광주광역시 북구 신안동 482-20
533,4,212.9㎡,2000년 08월 25일,준주거,광주광역시 북구 신안동 482-11
534,4,145.7㎡,2001년 05월 22일,준주거,광주광역시 북구 신안동 482-10
535,4,362㎡,2012년 06월 05일,준주거,광주광역시 북구 신안동 482-4
536,5,362.6㎡,2014년 05월 09일,준주거,광주광역시 북구 신안동 482-2
537,5,366.3㎡,2013년 10월 22일,준주거,광주광역시 북구 신안동 481-1
538,4,142.8㎡,2002년 08월 19일,2종일주,광주광역시 북구 신안동 478-31
539,5,296.6㎡,2012년 10월 19일,2종일주,광주광역시 북구 신안동 476-60
540,5,296.6㎡,2012년 10월 19일,2종일주,광주광역시 북구 신안동 476-2
541,4,203.3㎡,2002년 07월 25일,2종일주,광주광역시 북구 신안동 475-34
542,2,166.4㎡,1981년 02월 27일,1종일주,광주광역시 북구 신안동 475-27
543,2,366.9㎡,1980년 11월 03일,1종일주,광주광역시 북구 신안동 475-20
544,2,497.9㎡,1979년 08월 16일,1종일주,광주광역시 북구 신안동 475-15
545,3,217.5㎡,1987년 05월 27일,2종일주,광주광역시 북구 신안동 472-19
546,3,219.5㎡,1987년 05월 27일,2종일주,광주광역시 북구 신안동 472-3
547,2,344.5㎡,1979년 12월 28일,1종일주,광주광역시 북구 신안동 261-6
548,4,613.9㎡,2012년 12월 07일,2종일주,광주광역시 북구 신안동 255-9
549,0,370.4㎡,1979년 06월 26일,일반상업,광주광역시 북구 신안동 252-25
550,2,370.4㎡,1979년 06월 26일,일반상업,광주광역시 북구 신안동 252-4
551,5,349.9㎡,2011년 12월 28일,2종일주,광주광역시 북구 신안동 238-4
552,5,343.1㎡,2011년 11월 23일,2종일주,광주광역시 북구 신안동 211-5
553,2,203.6㎡,1980년 12월 08일,준주거,광주광역시 북구 신안동 210-8
554,4,198.7㎡,2001년 05월 04일,일반상업,광주광역시 북구 신안동 124-14
555,5,277.8㎡,2012년 11월 13일,2종일주,광주광역시 북구 용봉동 1427-6
556,5,340㎡,2013년 12월 23일,2종일주,광주광역시 북구 용봉동 1349-2
557,4,158.5㎡,2003년 03월 28일,2종일주,광주광역시 북구 용봉동 1249-26
558,4,295.8㎡,1991년 05월 07일,2종일주,광주광역시 북구 용봉동 1248-33
559,4,297.4㎡,1991년 05월 08일,2종일주,광주광역시 북구 용봉동 1248-32
560,5,368.2㎡,2012년 12월 28일,2종일주,광주광역시 북구 용봉동 1246-10
561,4,434㎡,2013년 04월 26일,1종일주,광주광역시 북구 용봉동 1233-17
562,4,152.1㎡,2012년 03월 08일,1종일주,광주광역시 북구 용봉동 1211-6
563,4,306.4㎡,2013년 09월 30일,1종일주,광주광역시 북구 용봉동 1210-11
564,4,286.7㎡,2002년 12월 03일,2종일주,광주광역시 북구 용봉동 1204-9
565,4,203㎡,2002년 02월 27일,1종일주,광주광역시 북구 용봉동 1201-21
566,4,562.6㎡,1993년 12월 24일,2종일주,광주광역시 북구 용봉동 1200-1
567,5,440㎡,2014년 02월 21일,3종일주,광주광역시 북구 용봉동 1064
568,5,222㎡,2005년 09월 01일,2종일주,광주광역시 북구 용봉동 907
569,5,235㎡,2008년 03월 12일,2종일주,광주광역시 북구 용봉동 853-7
570,4,220㎡,2001년 08월 20일,2종일주,광주광역시 북구 용봉동 832-8
571,4,409㎡,2005년 12월 29일,2종일주,광주광역시 북구 용봉동 832-3
572,4,186㎡,2001년 08월 20일,2종일주,광주광역시 북구 용봉동 832-1
573,4,380㎡,2005년 10월 12일,준주거,광주광역시 북구 용봉동 751-3
574,4,233.6㎡,2002년 07월 29일,1종일주,광주광역시 북구 용봉동 145-38
575,3,302㎡,1987년 07월 23일,준주거,광주광역시 북구 운암동 1604-1
576,3,223㎡,1987년 07월 23일,준주거,광주광역시 북구 운암동 1604
577,5,281㎡,2012년 02월 29일,2종일주,광주광역시 북구 운암동 918-1
578,5,892㎡,2017년 03월 09일,2종일주,광주광역시 북구 운암동 876-8
579,3,427㎡,1979년 12월 05일,2종일주,광주광역시 북구 운암동 840-3
580,2,371㎡,1991년 05월 17일,2종일주,광주광역시 북구 운암동 836
581,4,180.8㎡,1991년 03월 16일,2종일주,광주광역시 북구 운암동 480-1
582,4,118.2㎡,2003년 12월 23일,2종일주,광주광역시 북구 운암동 444-22
583,2,409.2㎡,1980년 07월 30일,2종일주,광주광역시 북구 운암동 394-4
584,4,337㎡,2007년 05월 09일,1종일주,광주광역시 북구 운암동 150-2
585,3,386㎡,2014년 09월 22일,3종일주,광주광역시 북구 운암동 140-24
586,3,364㎡,2014년 08월 12일,3종일주,광주광역시 북구 운암동 140-22
587,4,"1,233㎡",2006년 02월 24일,2종일주,광주광역시 북구 운암동 123-4
588,4,212㎡,2001년 04월 10일,2종일주,광주광역시 북구 운암동 122-2
589,2,604㎡,1986년 10월 10일,2종일주,광주광역시 북구 운암동 31-13
590,5,241.7㎡,2005년 02월 01일,준주거,광주광역시 북구 중흥동 689-3
591,4,278.3㎡,2002년 12월 24일,준주거,광주광역시 북구 중흥동 679-20
592,4,159.6㎡,2002년 05월 02일,준주거,광주광역시 북구 중흥동 678-34
593,4,444.3㎡,2004년 08월 25일,준주거,광주광역시 북구 중흥동 678-12
594,4,159.7㎡,2002년 04월 26일,준주거,광주광역시 북구 중흥동 678-8
595,4,283.3㎡,2002년 08월 09일,일반상업,광주광역시 북구 중흥동 674-3
596,4,198.3㎡,2001년 10월 30일,준주거,광주광역시 북구 중흥동 649-7
597,3,298.2㎡,1983년 07월 22일,준주거,광주광역시 북구 중흥동 599-4
598,5,281.9㎡,2011년 08월 24일,준주거,광주광역시 북구 중흥동 365-27
599,4,130.9㎡,2005년 04월 12일,준주거,광주광역시 북구 중흥동 348-30
600,4,161.3㎡,2001년 11월 30일,준주거,광주광역시 북구 중흥동 348-2
601,4,166.9㎡,2002년 11월 18일,준주거,광주광역시 북구 중흥동 340-5
602,4,169.3㎡,2001년 10월 09일,2종일주,광주광역시 북구 중흥동 331-60
603,5,147㎡,1998년 09월 08일,2종일주,광주광역시 북구 중흥동 168-3
604,5,227㎡,1997년 06월 30일,2종일주,광주광역시 북구 중흥동 148
605,4,335㎡,2005년 12월 15일,1종일주,광주광역시 북구 풍향동 701
606,4,317㎡,2006년 08월 14일,1종일주,광주광역시 북구 풍향동 687
607,4,122.3㎡,2002년 05월 21일,준주거,광주광역시 북구 풍향동 642
608,4,221.2㎡,1999년 11월 25일,3종일주,광주광역시 북구 풍향동 600-2
609,4,251.2㎡,2001년 11월 26일,3종일주,광주광역시 북구 풍향동 599-54
610,4,198.1㎡,2002년 08월 28일,3종일주,광주광역시 북구 풍향동 599-17
611,4,179.1㎡,2003년 09월 19일,3종일주,광주광역시 북구 풍향동 599-3
612,3,53㎡,2002년 11월 05일,3종일주,광주광역시 북구 풍향동 553-42
613,4,132㎡,2001년 11월 05일,3종일주,광주광역시 북구 풍향동 543-13
614,3,231㎡,1997년 10월 28일,3종일주,광주광역시 북구 풍향동 543-6
615,4,114㎡,2001년 11월 05일,3종일주,광주광역시 북구 풍향동 535-29
616,4,217㎡,2003년 03월 08일,3종일주,광주광역시 북구 풍향동 524
617,4,114㎡,2002년 01월 24일,3종일주,광주광역시 북구 풍향동 492-8
618,4,187㎡,2002년 01월 24일,3종일주,광주광역시 북구 풍향동 492-3
619,4,194㎡,2001년 11월 07일,3종일주,광주광역시 북구 풍향동 492-2
620,2,266.3㎡,1980년 03월 10일,일반상업,광주광역시 북구 유동 117-31
621,2,366.9㎡,1980년 07월 15일,일반상업,광주광역시 북구 유동 115-7
622,4,375.2㎡,2013년 04월 15일,일반상업,광주광역시 북구 유동 104-29
623,4,375.2㎡,2013년 04월 15일,일반상업,광주광역시 북구 유동 104-1
624,6,174.9㎡,1986년 10월 24일,일반상업,광주광역시 북구 유동 101-4
625,5,281㎡,2013년 09월 10일,일반상업,광주광역시 북구 유동 6-36
626,5,277.8㎡,2012년 11월 22일,일반상업,광주광역시 북구 유동 6-33
627,4,462㎡,2002년 10월 15일,2종일주,광주광역시 북구 두암동 21
628,4,317㎡,2003년 06월 21일,2종일주,광주광역시 북구 두암동 20
629,4,341.1㎡,2007년 01월 31일,1종일주,광주광역시 북구 각화동 181-34
630,4,905㎡,2007년 03월 27일,2종일주,광주광역시 북구 각화동 167-3
631,4,164.9㎡,2001년 09월 21일,1종일주,광주광역시 북구 문흥동 742-35
632,4,164.9㎡,2001년 09월 21일,1종일주,광주광역시 북구 문흥동 742-7
633,3,304.2㎡,1981년 11월 28일,준주거,광주광역시 북구 우산동 518-122
634,4,300㎡,2002년 11월 15일,3종일주,광주광역시 북구 우산동 366-1
635,2,287.7㎡,1987년 07월 01일,1종일주,광주광역시 북구 우산동 201-73
636,2,327.9㎡,1981년 06월 05일,1종일주,광주광역시 북구 우산동 200-25
637,3,478.1㎡,1983년 04월 11일,1종일주,광주광역시 북구 우산동 169-24
638,5,"1,362㎡",2013년 02월 07일,2종일주,광주광역시 북구 동림동 293
639,4,475㎡,2005년 07월 14일,3종일주,광주광역시 북구 동림동 155-5
640,4,247.9㎡,2002년 07월 26일,중심상업,광주광역시 북구 북동 238
641,4,304.1㎡,2002년 05월 21일,중심상업,광주광역시 북구 북동 232
642,5,380.2㎡,2013년 02월 01일,중심상업,광주광역시 북구 북동 229
643,5,367㎡,2012년 04월 16일,중심상업,광주광역시 북구 북동 40-28
644,4,204.3㎡,2003년 04월 26일,중심상업,광주광역시 북구 누문동 175-1
645,4,403㎡,2014년 05월 20일,1종일주,광주광역시 남구 지석동 323-4
646,4,493㎡,2014년 05월 20일,1종일주,광주광역시 남구 지석동 323-3
647,4,496㎡,2013년 02월 13일,1종일주,광주광역시 남구 봉선동 560-5
648,5,"49,088.7㎡",1984년 11월 22일,3종일주,광주광역시 북구 운암동 252
649,,,,,광주광역시 북구 운암동 110-11
650,12,"9,103㎡",1989년 05월 30일,3종일주,광주광역시 북구 운암동 1058-3
651,12,"22,767㎡",1991년 09월 04일,3종일주,광주광역시 북구 운암동 1033
652,0,"19,732㎡",2000년 04월 20일,3종일주,광주광역시 북구 운암동 1101-1
653,1,"16,902㎡",1990년 10월 31일,3종일주,광주광역시 북구 운암동 363
654,20,"14,219㎡",1996년 08월 28일,3종일주,광주광역시 북구 운암동 232
655,15,"10,664㎡",1990년 12월 31일,3종일주,광주광역시 북구 운암동 1051-1
656,19,"15,574㎡",1994년 01월 31일,3종일주,광주광역시 북구 운암동 110-80
657,18,"6,721㎡",2006년 12월 29일,준주거,광주광역시 북구 운암동 940
658,9,"2,863㎡",2014년 11월 05일,2종일주,광주광역시 북구 운암동 936-15
659,13,"2,346.9㎡",2016년 12월 21일,2종일주,광주광역시 북구 운암동 1768
660,0,425.8㎡,1988년 07월 11일,2종일주,광주광역시 북구 운암동 399-1
661,5,847.3㎡,1984년 10월 04일,2종일주,광주광역시 북구 운암동 395-3
662,5,"1,356㎡",1990년 09월 19일,1종일주,광주광역시 북구 운암동 154-19
663,0,"2,759㎡",1989년 05월 19일,2종일주,광주광역시 북구 운암동 124-7
664,5,"3,443㎡",1981년 12월 24일,준주거,광주광역시 북구 운암동 32-16
665,1,"3,473㎡",1983년 09월 01일,준주거,광주광역시 북구 운암동 32-15
666,2,"9,126㎡",1998년 09월 22일,3종일주,광주광역시 북구 운암동 1089-2
667,1,"22,277㎡",1996년 02월 00일,3종일주,광주광역시 북구 운암동 140-11
668,2,"3,885㎡",1992년 04월 08일,3종일주,광주광역시 북구 운암동 133-9
669,15,"9,379㎡",1991년 07월 30일,3종일주,광주광역시 북구 운암동 140-17
670,1,"29,629㎡",2014년 06월 16일,3종일주,광주광역시 북구 운암동 229
671,15,"7,213㎡",1991년 03월 22일,3종일주,광주광역시 북구 운암동 1038-1
672,15,"30,135.6㎡",1992년 05월 29일,3종일주,광주광역시 북구 우산동 633-1
673,15,"29,235㎡",1991년 11월 24일,3종일주,광주광역시 북구 각화동 202
674,10,"4,120㎡",1984년 07월 06일,2종일주,광주광역시 북구 풍향동 23-93
675,6,859.5㎡,2003년 12월 18일,3종일주,광주광역시 북구 풍향동 596-11
676,5,"2,997㎡",1978년 12월 23일,3종일주,광주광역시 북구 풍향동 551
677,15,"1,644.6㎡",2017년 03월 07일,중심상업,광주광역시 북구 북동 59
678,1,"3,415.1㎡",1982년 12월 28일,2종일주,광주광역시 북구 우산동 198-2
679,10,661.3㎡,2017년 09월 19일,일반상업,광주광역시 북구 우산동 554-25
680,5,633.4㎡,1982년 12월 28일,2종일주,광주광역시 북구 우산동 162-7
681,1,"10,899㎡",1994년 11월 18일,2종일주,광주광역시 북구 두암동 54
682,20,"14,302㎡",1994년 02월 26일,3종일주,광주광역시 북구 두암동 59-20
683,1,"5,796㎡",1986년 12월 16일,3종일주,광주광역시 북구 신안동 351-11
684,2,"11,761.1㎡",,3종일주,광주광역시 북구 신안동 478-18
685,15,"3,673.1㎡",2004년 05월 06일,일반상업,광주광역시 북구 신안동 491-1
686,19,"3,710㎡",1995년 08월 09일,준주거,광주광역시 북구 신안동 313-1
687,5,"1,688.6㎡",1983년 11월 11일,2종일주,광주광역시 북구 신안동 476-10
688,10,891.2㎡,2015년 07월 31일,일반상업,광주광역시 북구 신안동 147-4
689,13,805㎡,2013년 06월 19일,준주거,광주광역시 북구 신안동 482-29
690,10,734.9㎡,2002년 07월 05일,일반상업,광주광역시 북구 신안동 125-1
691,14,"7,388㎡",1983년 10월 25일,3종일주,광주광역시 북구 임동 101-5
692,7,867.8㎡,1992년 03월 03일,2종일주,광주광역시 북구 임동 195-10
693,6,"2,938㎡",1984년 01월 23일,2종일주,광주광역시 북구 임동 126-1
694,3,"12,486㎡",,일반공업,광주광역시 북구 임동 100-67
695,15,"22,552.8㎡",2005년 11월 24일,2종일주,광주광역시 북구 임동 340
696,,"12,563.1㎡",,2종일주,광주광역시 북구 중흥동 611-10
697,1,756.3㎡,1981년 03월 21일,2종일주,광주광역시 북구 중흥동 262-1
698,10,"2,688.3㎡",1981년 03월 21일,2종일주,광주광역시 북구 중흥동 263-3
699,15,721.2㎡,2015년 02월 13일,일반상업,광주광역시 북구 중흥동 683-6
700,7,331㎡,2012년 04월 16일,일반상업,광주광역시 북구 중흥동 707-2
701,7,205.3㎡,2016년 09월 13일,일반상업,광주광역시 북구 중흥동 683-18
702,5,720.9㎡,1976년 12월 07일,일반상업,광주광역시 북구 중흥동 682-24
703,5,912.6㎡,1982년 06월 19일,준주거,광주광역시 북구 중흥동 599-21
704,1,"1,546.8㎡",1984년 11월 20일,2종일주,광주광역시 북구 중흥동 376-7
705,5,887.9㎡,1985년 01월 05일,준주거,광주광역시 북구 중흥동 373-2
706,5,843㎡,1982년 10월 30일,1종일주,광주광역시 북구 중흥동 265-2
707,5,"1,030.7㎡",1981년 09월 16일,준주거,광주광역시 북구 각화동 503-19
708,18,"3,172㎡",1991년 12월 30일,3종일주,광주광역시 북구 각화동 194
709,15,"5,207㎡",1988년 12월 31일,2종일주,광주광역시 북구 각화동 532
710,15,"8,284㎡",1988년 04월 29일,2종일주,광주광역시 북구 각화동 529
711,20,"16,847㎡",2003년 08월 22일,3종일주,광주광역시 북구 각화동 118-2
712,25,"35,065.4㎡",2017년 06월 16일,3종일주,광주광역시 북구 각화동 587
713,3,"53,097㎡",1989년 08월 28일,3종일주,광주광역시 북구 각화동 471
714,3,"53,097㎡",1989년 08월 28일,3종일주,광주광역시 북구 각화동 471
715,2,"12,949.2㎡",1987년 09월 25일,3종일주,광주광역시 남구 봉선동 983
716,11,"22,300.8㎡",1988년 05월 18일,3종일주,광주광역시 남구 봉선동 988
717,2,"22,135.4㎡",1987년 11월 20일,3종일주,광주광역시 남구 봉선동 985
718,2,"20,313.5㎡",1987년 09월 28일,3종일주,광주광역시 남구 봉선동 984
719,2,"20,313.5㎡",1987년 09월 28일,3종일주,광주광역시 남구 봉선동 984
720,1,"18,779.9㎡",1988년 09월 10일,3종일주,광주광역시 남구 봉선동 1043
721,12,"12,345㎡",1993년 11월 27일,3종일주,광주광역시 남구 봉선동 610-1
722,2,300.9㎡,1983년 09월 16일,2종일주,광주광역시 남구 봉선동 941-4
723,5,826.8㎡,1983년 12월 31일,2종일주,광주광역시 남구 봉선동 938-4
724,20,"50,574.5㎡",1997년 12월 30일,3종일주,광주광역시 북구 동림동 1147-1
725,1,"41,355.1㎡",1998년 06월 11일,3종일주,광주광역시 북구 동림동 1146-1
726,12,"29,093.1㎡",2007년 03월 16일,2종일주,광주광역시 북구 동림동 234
727,20,"48,196.9㎡",1998년 12월 19일,3종일주,광주광역시 북구 동림동 1161-1
728,1,"56,909㎡",1996년 05월 31일,3종일주,광주광역시 북구 동림동 645
729,20,"30,488.6㎡",2004년 11월 08일,3종일주,광주광역시 북구 용봉동 1461
730,3,"22,019.5㎡",2001년 09월 14일,3종일주,광주광역시 북구 용봉동 1406-1
731,19,"7,013㎡",1998년 11월 10일,3종일주,광주광역시 북구 용봉동 850
732,18,"8,204㎡",1993년 12월 15일,3종일주,광주광역시 북구 용봉동 973-1
733,15,"12,345㎡",1990년 09월 22일,3종일주,광주광역시 북구 용봉동 1074-8
734,15,"19,674㎡",1995년 01월 16일,3종일주,광주광역시 북구 용봉동 1035
735,21,"7,553㎡",1993년 04월 26일,3종일주,광주광역시 북구 용봉동 405
736,20,"5,158㎡",1993년 11월 29일,2종일주,광주광역시 북구 용봉동 403-6
737,1,"4,536㎡",1992년 03월 23일,3종일주,광주광역시 북구 용봉동 630
738,8,861.3㎡,2013년 04월 05일,2종일주,광주광역시 북구 용봉동 1348-4
739,6,"1,061.1㎡",2012년 05월 11일,2종일주,광주광역시 북구 용봉동 1404-1
740,15,461.5㎡,2017년 08월 11일,근린상업,광주광역시 북구 용봉동 1366-2
741,8,"1,697.4㎡",1989년 12월 30일,2종일주,광주광역시 북구 용봉동 1235-3
742,15,"2,952㎡",1994년 12월 02일,3종일주,광주광역시 북구 용봉동 1205-1
743,13,"4,503.5㎡",1993년 12월 28일,2종일주,광주광역시 북구 용봉동 1197-1
744,8,530㎡,2007년 02월 08일,2종일주,광주광역시 북구 용봉동 1053
745,5,"3,071㎡",1993년 12월 08일,2종일주,광주광역시 북구 용봉동 729-2
746,8,"1,728㎡",1990년 12월 22일,2종일주,광주광역시 북구 용봉동 369-1
747,5,"1,081.3㎡",1981년 04월 02일,2종일주,광주광역시 북구 용봉동 159-4
748,5,964.8㎡,1985년 06월 26일,2종일주,광주광역시 북구 용봉동 148-2
749,20,343㎡,1994년 02월 28일,3종일주,광주광역시 북구 용봉동 842-1
750,3,"3,279.9㎡",1993년 05월 25일,3종일주,광주광역시 북구 용봉동 1237-1
751,2,"6,163㎡",1992년 12월 28일,3종일주,광주광역시 북구 용봉동 1074-6
752,2,"4,098㎡",1994년 10월 14일,3종일주,광주광역시 북구 용봉동 1150-1
753,20,"4,062㎡",1994년 05월 25일,3종일주,광주광역시 북구 용봉동 1152-1
754,15,"2,105.3㎡",1991년 10월 02일,준주거,광주광역시 북구 용봉동 1225-1
755,2,"29,344.3㎡",,3종일주,광주광역시 북구 문흥동 996-3
756,15,"19,868.5㎡",1994년 03월 14일,3종일주,광주광역시 북구 문흥동 1011-1
757,15,"16,065.7㎡",1994년 02월 28일,3종일주,광주광역시 북구 문흥동 1010-8
758,15,"12,415.9㎡",1994년 06월 30일,3종일주,광주광역시 북구 문흥동 996-2
759,15,"16,328.7㎡",1994년 02월 26일,3종일주,광주광역시 북구 문흥동 1010-1
760,0,"33,522.1㎡",2011년 12월 13일,3종일주,광주광역시 북구 문흥동 1011-5
761,2,"39,169.5㎡",1990년 06월 04일,3종일주,광주광역시 북구 문흥동 787-1
762,2,"16,507.7㎡",1994년 02월 28일,3종일주,광주광역시 북구 문흥동 1010-2
763,15,"25,728.9㎡",1988년 11월 26일,3종일주,광주광역시 북구 문흥동 920
764,18,"9,930.3㎡",1994년 08월 30일,3종일주,광주광역시 북구 문흥동 1010-6
765,15,"9,899.5㎡",1994년 04월 29일,3종일주,광주광역시 북구 문흥동 1011-2
766,15,"13,237.9㎡",1994년 02월 28일,3종일주,광주광역시 북구 문흥동 1010-7
767,2,"19,588.1㎡",1988년 02월 24일,3종일주,광주광역시 북구 문흥동 919
768,5,"32,353.7㎡",1989년 11월 20일,2종일주,광주광역시 북구 문흥동 787-8
769,2,"26,342.8㎡",1990년 11월 22일,3종일주,광주광역시 북구 문흥동 787-6
770,15,"9,992.5㎡",1994년 04월 18일,3종일주,광주광역시 북구 문흥동 996-1
771,16,"14,928.1㎡",1994년 07월 21일,3종일주,광주광역시 북구 문흥동 995-2
772,5,"2,446.9㎡",1983년 03월 04일,2종일주,광주광역시 북구 문흥동 743-9
773,5,"1,073.2㎡",1984년 01월 14일,1종일주,광주광역시 북구 문흥동 189-2
774,2,"9,651.9㎡",1988년 12월 31일,3종일주,광주광역시 북구 문흥동 921
775,5,334㎡,2013년 02월 19일,2종일주,광주광역시 남구 진월동 523
776,4,281㎡,2002년 03월 02일,1종일주,광주광역시 남구 진월동 200
777,3,418㎡,2001년 12월 20일,2종일주,광주광역시 남구 진월동 363-38
778,4,237㎡,2001년 12월 20일,2종일주,광주광역시 남구 진월동 362-10
779,4,294㎡,2001년 11월 15일,2종일주,광주광역시 남구 진월동 588-2
780,4,256㎡,2002년 10월 07일,1종일주,광주광역시 남구 진월동 491
781,4,390㎡,2002년 07월 25일,3종일주,광주광역시 남구 진월동 312-29
782,4,344㎡,2012년 06월 15일,2종일주,광주광역시 남구 진월동 565-9
783,4,393㎡,2012년 01월 30일,2종일주,광주광역시 남구 진월동 565-8
784,4,261㎡,2002년 07월 09일,준주거,광주광역시 남구 서동 196-4
785,4,264㎡,2008년 07월 21일,2종일주,광주광역시 남구 서동 130-3
786,4,208㎡,2005년 08월 26일,2종일주,광주광역시 남구 서동 130-7
787,5,112㎡,2003년 05월 27일,3종일주,광주광역시 남구 서동 261-35
788,3,253㎡,1982년 07월 29일,3종일주,광주광역시 남구 서동 261-104
789,3,255㎡,1977년 07월 12일,3종일주,광주광역시 남구 서동 261-94
790,2,255㎡,1980년 12월 23일,3종일주,광주광역시 남구 서동 261-76
791,2,303㎡,1980년 12월 23일,3종일주,광주광역시 남구 서동 261-7
792,4,195㎡,2001년 03월 08일,준주거,광주광역시 남구 서동 181
793,4,181.8㎡,2007년 02월 07일,준주거,광주광역시 남구 구동 29-24
794,4,294.3㎡,2003년 06월 09일,준주거,광주광역시 남구 구동 37-78
795,4,314㎡,2002년 02월 06일,1종일주,광주광역시 남구 송하동 124-41
796,6,395㎡,2016년 01월 13일,2종일주,광주광역시 남구 봉선동 162
797,2,255㎡,1989년 11월 17일,1종일주,광주광역시 남구 양림동 406
798,2,"1,586㎡",1992년 06월 04일,자연녹지,광주광역시 남구 양림동 229-1
799,4,166㎡,2000년 10월 14일,1종일주,광주광역시 남구 양림동 171-1
800,5,419㎡,2000년 08월 25일,1종일주,광주광역시 남구 양림동 103-1
801,,"1,741㎡",,3종일주,광주광역시 남구 양림동 66-38
802,3,213㎡,2002년 10월 18일,1종일주,광주광역시 남구 봉선동 455-18
803,1,433㎡,,2종일주,광주광역시 남구 봉선동 220
804,3,415㎡,2017년 06월 07일,1종일주,광주광역시 남구 송하동 422-12
805,3,533.8㎡,1978년 05월 24일,2종일주,광주광역시 남구 사동 158
806,5,477.5㎡,2001년 10월 10일,1종일주,광주광역시 남구 사동 115-1
807,1,"1,152㎡",2008년 09월 08일,준공업,광주광역시 서구 매월동 622-33
808,4,307㎡,2005년 02월 17일,1종일주,광주광역시 서구 금호동 444-46
809,4,422㎡,2012년 09월 24일,1종일주,광주광역시 서구 금호동 328-4
810,4,"3,401.7㎡",1978년 03월 22일,1종일주,광주광역시 남구 사동 127-4
811,6,861㎡,1995년 09월 06일,2종일주,광주광역시 남구 진월동 365-93
812,3,899㎡,1983년 08월 17일,2종일주,광주광역시 남구 진월동 380-11
813,4,"1,110㎡",2000년 04월 07일,3종일주,광주광역시 남구 양림동 274-3
814,,366㎡,,3종일주,광주광역시 남구 양림동 266-6
815,4,238㎡,2003년 12월 11일,준주거,광주광역시 남구 백운동 652-57
816,5,183.9㎡,2002년 09월 12일,준주거,광주광역시 남구 백운동 652-20
817,4,171.6㎡,2001년 01월 11일,준주거,광주광역시 남구 백운동 647-3
818,4,183.4㎡,2008년 08월 01일,일반상업,광주광역시 남구 백운동 631-32
819,4,183.5㎡,2008년 08월 01일,일반상업,광주광역시 남구 백운동 631-13
820,4,157㎡,2003년 01월 02일,준주거,광주광역시 남구 백운동 624-16
821,4,167.6㎡,2002년 03월 25일,준주거,광주광역시 남구 백운동 624-8
822,5,145.9㎡,2004년 03월 22일,준주거,광주광역시 남구 백운동 620-31
823,2,185.6㎡,1981년 03월 05일,준주거,광주광역시 남구 백운동 620-30
824,4,160㎡,2002년 09월 04일,일반상업,광주광역시 남구 백운동 612-21
825,4,462.1㎡,2004년 09월 20일,2종일주,광주광역시 남구 백운동 604-4
826,4,443.3㎡,2005년 05월 02일,2종일주,광주광역시 남구 백운동 603-20
827,3,977.9㎡,1986년 05월 01일,2종일주,광주광역시 남구 백운동 583-5
828,2,400㎡,1980년 10월 14일,2종일주,광주광역시 남구 백운동 514-16
829,4,314㎡,2001년 08월 09일,3종일주,광주광역시 남구 백운동 408-22
830,4,300㎡,2002년 07월 26일,3종일주,광주광역시 남구 백운동 408-20
831,6,331㎡,2013년 06월 14일,3종일주,광주광역시 남구 백운동 6
832,8,550.1㎡,2014년 02월 21일,준주거,광주광역시 남구 백운동 620-7
833,3,443.1㎡,1982년 10월 18일,3종일주,광주광역시 남구 백운동 627-14
834,4,597㎡,1982년 10월 25일,3종일주,광주광역시 남구 백운동 629-1
835,2,198.7㎡,1980년 09월 08일,1종일주,광주광역시 남구 방림동 544-8
836,2,322.3㎡,1980년 11월 07일,2종일주,광주광역시 남구 방림동 543-10
837,3,762.4㎡,1987년 06월 22일,2종일주,광주광역시 남구 방림동 542-3
838,2,287.9㎡,1981년 01월 15일,1종일주,광주광역시 남구 방림동 539-2
839,4,258㎡,2001년 10월 22일,3종일주,광주광역시 남구 방림동 447-15
840,4,150㎡,2003년 03월 25일,3종일주,광주광역시 남구 방림동 116-3
841,4,210㎡,2015년 12월 23일,2종일주,광주광역시 남구 방림동 106-2
842,3,175㎡,1986년 02월 21일,2종일주,광주광역시 남구 방림동 57-105
843,2,303㎡,1986년 04월 01일,2종일주,광주광역시 남구 방림동 57-104
844,5,306㎡,2015년 07월 15일,2종일주,광주광역시 남구 방림동 2-90
845,4,303㎡,2002년 09월 13일,2종일주,광주광역시 남구 방림동 56-13
846,3,"3,207㎡",1982년 04월 28일,3종일주,광주광역시 남구 방림동 473-1
847,2,"5,421㎡",1981년 09월 15일,3종일주,광주광역시 남구 방림동 473-5
848,5,"4,398.8㎡",1985년 08월 14일,일반상업,광주광역시 남구 주월동 1275-1
849,5,"1,482㎡",2013년 03월 15일,3종일주,광주광역시 남구 주월동 497
850,3,"1,362㎡",,일반상업,광주광역시 남구 주월동 389-5
851,5,"2,752.9㎡",1983년 09월 14일,일반상업,광주광역시 남구 주월동 1274-5
852,5,330㎡,2013년 04월 26일,일반상업,광주광역시 남구 주월동 1206-11
853,4,825㎡,1978년 07월 07일,1종일주,광주광역시 남구 주월동 423-2
854,3,"1,256.2㎡",1984년 05월 14일,2종일주,광주광역시 남구 주월동 1265-2
855,3,848㎡,1983년 09월 16일,3종일주,광주광역시 남구 주월동 371-37
856,5,646㎡,1981년 11월 09일,일반상업,광주광역시 남구 주월동 963-2
857,2,"2,577.1㎡",1978년 08월 31일,준주거,광주광역시 남구 주월동 974-107
858,3,869.5㎡,1983년 10월 14일,일반상업,광주광역시 남구 주월동 1287-23
859,2,823.5㎡,1979년 09월 17일,2종일주,광주광역시 남구 주월동 1280-4
860,3,711㎡,1983년 01월 13일,일반상업,광주광역시 남구 주월동 1158-7
861,3,819.8㎡,1983년 08월 23일,1종일주,광주광역시 남구 주월동 987-4
862,2,837.7㎡,1979년 09월 13일,일반상업,광주광역시 남구 주월동 963-7
863,3,763㎡,1983년 04월 06일,1종일주,광주광역시 남구 주월동 707-21
864,3,715㎡,1984년 03월 02일,3종일주,광주광역시 남구 주월동 509
865,2,"1,201㎡",1980년 03월 11일,2종일주,광주광역시 남구 주월동 1281-2
866,4,344.5㎡,1994년 12월 22일,2종일주,광주광역시 남구 주월동 1262-8
867,3,734㎡,1983년 01월 13일,일반상업,광주광역시 남구 주월동 1158-3
868,2,219.7㎡,1979년 08월 29일,준주거,광주광역시 남구 주월동 974-277
869,4,209.3㎡,2003년 03월 10일,1종일주,광주광역시 남구 주월동 974-21
870,4,330.6㎡,2012년 10월 09일,2종일주,광주광역시 남구 주월동 970-5
871,2,363.8㎡,1980년 01월 16일,2종일주,광주광역시 남구 주월동 967-38
872,2,537.2㎡,1979년 02월 15일,일반상업,광주광역시 남구 주월동 965-4
873,3,510㎡,1985년 11월 18일,1종일주,광주광역시 남구 주월동 953-14
874,4,335㎡,2010년 10월 20일,1종일주,광주광역시 남구 주월동 468-4
875,4,349㎡,2002년 07월 27일,1종일주,광주광역시 남구 주월동 440-16
876,4,418㎡,2004년 11월 24일,일반상업,광주광역시 남구 주월동 941-17
877,6,241.3㎡,2012년 10월 15일,일반상업,광주광역시 남구 주월동 1273-10
878,4,"1,384㎡",1980년 07월 21일,2종일주,광주광역시 남구 월산동 1009-1
879,3,859㎡,1980년 10월 16일,2종일주,광주광역시 남구 월산동 1009-7
880,2,231.9㎡,1980년 07월 24일,2종일주,광주광역시 남구 월산동 1047-14
881,2,266.4㎡,1982년 03월 09일,2종일주,광주광역시 남구 월산동 1037-1
882,3,444.6㎡,1983년 04월 29일,2종일주,광주광역시 남구 월산동 1033-9
883,4,244㎡,2006년 01월 19일,2종일주,광주광역시 남구 월산동 1032-3
884,2,504.6㎡,1981년 05월 27일,2종일주,광주광역시 남구 월산동 1031-29
885,2,498.8㎡,1981년 05월 14일,1종일주,광주광역시 남구 월산동 1020-38
886,2,245.4㎡,1981년 05월 07일,1종일주,광주광역시 남구 월산동 1019-9
887,2,721.7㎡,1980년 10월 25일,1종일주,광주광역시 남구 월산동 1018-4
888,,336㎡,,2종일주,광주광역시 남구 월산동 1012-12
889,5,396.7㎡,2003년 06월 05일,1종일주,광주광역시 남구 월산동 1007-6
890,2,305.1㎡,1979년 08월 00일,2종일주,광주광역시 남구 월산동 984-8
891,4,251.5㎡,1992년 03월 06일,1종일주,광주광역시 남구 월산동 978-9
892,4,209.3㎡,2002년 05월 06일,1종일주,광주광역시 남구 월산동 977-11
893,4,197.1㎡,2001년 08월 17일,2종일주,광주광역시 남구 월산동 947-13
894,4,216.5㎡,2002년 11월 30일,2종일주,광주광역시 남구 월산동 935-5
895,4,203.4㎡,2003년 01월 28일,2종일주,광주광역시 남구 월산동 932-19
896,5,217.5㎡,2002년 04월 08일,준주거,광주광역시 남구 월산동 931-16
897,4,166.2㎡,2003년 07월 31일,준주거,광주광역시 남구 월산동 918-35
898,4,202.1㎡,1996년 07월 03일,1종일주,광주광역시 남구 월산동 905-33
899,2,613㎡,1987년 04월 22일,1종일주,광주광역시 남구 월산동 615-7
900,3,423㎡,1987년 09월 08일,1종일주,광주광역시 남구 월산동 614-3
901,3,638㎡,1983년 09월 05일,1종일주,광주광역시 남구 월산동 569-38
902,4,123㎡,2002년 02월 08일,2종일주,광주광역시 남구 월산동 293-1
903,4,271㎡,2001년 10월 08일,2종일주,광주광역시 남구 월산동 247-3
904,4,330㎡,2002년 03월 28일,1종일주,광주광역시 남구 월산동 216-12
905,3,197㎡,1986년 07월 30일,2종일주,광주광역시 남구 월산동 165-1
906,4,230㎡,2002년 09월 16일,2종일주,광주광역시 남구 월산동 155-55
907,3,883㎡,1981년 05월 02일,2종일주,광주광역시 남구 월산동 1013-4
908,4,760㎡,2006년 07월 26일,1종일주,광주광역시 남구 월산동 982-11
909,3,604㎡,1983년 06월 30일,준주거,광주광역시 남구 월산동 1039-9
910,2,541.6㎡,1981년 06월 05일,2종일주,광주광역시 남구 월산동 1031-14
911,2,532.4㎡,1981년 05월 14일,1종일주,광주광역시 남구 월산동 1020-37
912,4,566.6㎡,2013년 03월 06일,2종일주,광주광역시 남구 월산동 1003-2
913,3,577.3㎡,1985년 04월 19일,1종일주,광주광역시 남구 월산동 980-14
914,3,872.4㎡,1984년 03월 09일,2종일주,광주광역시 남구 월산동 956-5
915,4,792.8㎡,1995년 07월 04일,1종일주,광주광역시 남구 월산동 944-11
916,3,154㎡,1991년 08월 06일,2종일주,광주광역시 남구 월산동 297-5
917,3,793.4㎡,1983년 04월 20일,준주거,광주광역시 남구 월산동 1015-8
918,5,881㎡,2013년 01월 10일,2종일주,광주광역시 남구 월산동 110-18
919,2,"1,266㎡",1979년 10월 19일,1종일주,광주광역시 남구 월산동 590-1
920,3,"2,738.1㎡",1979년 11월 30일,2종일주,광주광역시 남구 월산동 907-29
921,5,"1,914㎡",1984년 08월 28일,준주거,광주광역시 남구 월산동 927-1
922,1,"32,084.1㎡",2009년 12월 30일,3종일주,광주광역시 서구 금호동 743-3
923,15,"21,824.7㎡",1994년 02월 18일,3종일주,광주광역시 서구 금호동 742-2
924,14,"14,836.5㎡",1999년 04월 15일,3종일주,광주광역시 서구 금호동 767
925,12,"20,835.2㎡",2000년 11월 30일,3종일주,광주광역시 서구 금호동 805
926,15,"13,524.3㎡",1998년 08월 13일,3종일주,광주광역시 서구 금호동 770
927,19,"24,158.9㎡",2000년 05월 26일,3종일주,광주광역시 서구 금호동 815
928,15,"27,769.6㎡",1993년 12월 10일,3종일주,광주광역시 서구 금호동 741-1
929,3,"5,512㎡",1990년 11월 23일,3종일주,광주광역시 남구 진월동 340
930,15,"4,310㎡",1990년 11월 23일,3종일주,광주광역시 남구 진월동 344
931,4,"15,311㎡",1997년 11월 13일,3종일주,광주광역시 남구 진월동 348
932,19,"28,414㎡",2000년 12월 15일,3종일주,광주광역시 남구 진월동 499-68
933,2,"14,702㎡",1997년 07월 01일,3종일주,광주광역시 남구 진월동 245
934,18,"13,139㎡",1992년 01월 23일,3종일주,광주광역시 남구 진월동 331-93
935,13,"8,320㎡",1987년 12월 15일,3종일주,광주광역시 남구 진월동 508-5
936,16,"12,263㎡",1998년 03월 30일,3종일주,광주광역시 남구 진월동 281
937,20,"5,775㎡",1998년 02월 14일,3종일주,광주광역시 남구 진월동 312-7
938,1,"3,522㎡",1998년 06월 16일,3종일주,광주광역시 남구 진월동 489-2
939,5,"10,289㎡",1986년 02월 25일,3종일주,광주광역시 남구 진월동 250-3
940,5,"5,170㎡",1982년 12월 16일,2종일주,광주광역시 남구 진월동 363-4
941,20,"8,297㎡",1998년 05월 28일,3종일주,광주광역시 남구 진월동 241
942,15,"4,461㎡",2001년 10월 26일,2종일주,광주광역시 남구 진월동 269
943,2,"1,882㎡",1983년 12월 23일,2종일주,광주광역시 남구 진월동 380-15
944,5,"2,049㎡",1983년 11월 11일,2종일주,광주광역시 남구 진월동 380-13
945,3,"4,006㎡",1984년 01월 18일,2종일주,광주광역시 남구 진월동 364-1
946,5,"2,869㎡",1983년 06월 21일,2종일주,광주광역시 남구 진월동 362
947,19,"16,439㎡",1997년 03월 22일,3종일주,광주광역시 남구 진월동 277
948,15,"3,456㎡",1991년 11월 16일,3종일주,광주광역시 남구 진월동 508-10
949,15,"3,250㎡",1990년 04월 17일,3종일주,광주광역시 남구 진월동 500-7
950,2,"3,651㎡",1996년 07월 02일,3종일주,광주광역시 남구 진월동 333-30
951,1,"3,022㎡",1999년 06월 22일,2종일주,광주광역시 남구 진월동 388
952,19,"10,556㎡",1996년 11월 06일,3종일주,광주광역시 남구 진월동 267
953,2,"12,562㎡",2000년 12월 22일,3종일주,광주광역시 남구 진월동 484
954,18,"12,401㎡",1999년 11월 11일,3종일주,광주광역시 남구 진월동 470-1
955,5,560㎡,1996년 06월 22일,3종일주,광주광역시 남구 진월동 250-4
956,5,"2,387㎡",1984년 04월 19일,2종일주,광주광역시 남구 주월동 54-22
957,2,"4,468㎡",1985년 11월 15일,3종일주,광주광역시 남구 주월동 1199-12
958,15,"6,010㎡",1987년 01월 22일,3종일주,광주광역시 남구 주월동 383
959,1,"12,537㎡",1995년 06월 17일,3종일주,광주광역시 남구 주월동 456
960,15,"7,107㎡",1989년 12월 12일,3종일주,광주광역시 남구 주월동 1240-1
961,2,"4,577㎡",1986년 12월 10일,3종일주,광주광역시 남구 주월동 499
962,13,"1,579㎡",1998년 04월 00일,2종일주,광주광역시 남구 주월동 485-2
963,2,"2,566㎡",1984년 03월 02일,3종일주,광주광역시 남구 주월동 1170-3
964,12,"2,860㎡",1987년 09월 25일,3종일주,광주광역시 남구 주월동 373
965,5,"1,934.2㎡",1983년 01월 10일,2종일주,광주광역시 남구 주월동 1262-3
966,10,"1,055㎡",2000년 11월 25일,2종일주,광주광역시 남구 주월동 714
967,1,"1,730㎡",1991년 01월 14일,3종일주,광주광역시 남구 주월동 533-1
968,2,"3,359㎡",1985년 02월 01일,2종일주,광주광역시 남구 주월동 446
969,8,"1,265㎡",2007년 03월 29일,3종일주,광주광역시 남구 주월동 420-4
970,2,"3,280㎡",1986년 05월 01일,3종일주,광주광역시 남구 주월동 1199-7
971,11,"2,574㎡",2004년 08월 21일,2종일주,광주광역시 남구 주월동 716-1
972,1,"2,794㎡",,2종일주,광주광역시 남구 주월동 1205-1
973,13,"2,235㎡",2003년 03월 20일,2종일주,광주광역시 남구 주월동 1205
974,15,"1,940㎡",2002년 02월 09일,3종일주,광주광역시 남구 주월동 1021-3
975,15,"2,028㎡",1999년 12월 20일,3종일주,광주광역시 남구 주월동 543-9
976,2,"5,485㎡",2004년 06월 22일,3종일주,광주광역시 남구 주월동 716-11
977,2,"2,939㎡",1991년 12월 14일,3종일주,광주광역시 남구 주월동 541-4
978,18,"5,638㎡",1999년 05월 20일,3종일주,광주광역시 남구 주월동 29
979,4,"5,968㎡",2004년 10월 08일,2종일주,광주광역시 남구 주월동 1152
980,15,"6,458㎡",1989년 12월 09일,3종일주,광주광역시 남구 주월동 450-2
981,11,"12,586㎡",1991년 06월 03일,3종일주,광주광역시 남구 주월동 450-91
982,,"6,287.5㎡",,2종일주,광주광역시 남구 주월동 1318
983,14,"8,903㎡",1997년 06월 03일,3종일주,광주광역시 남구 주월동 1134
984,24,578㎡,1996년 05월 04일,3종일주,광주광역시 남구 주월동 1021-53
985,1,"9,134㎡",1995년 02월 27일,3종일주,광주광역시 남구 주월동 700
986,20,"38,899.2㎡",2000년 04월 21일,3종일주,광주광역시 서구 풍암동 1132
987,17,"18,926㎡",2000년 10월 14일,3종일주,광주광역시 서구 풍암동 1058
988,16,"15,464.7㎡",2000년 06월 05일,3종일주,광주광역시 서구 풍암동 1059
989,14,"53,015.2㎡",2005년 11월 24일,3종일주,광주광역시 서구 동천동 502
990,10,"49,177㎡",2006년 09월 05일,3종일주,광주광역시 서구 동천동 658
991,19,"28,621㎡",2014년 10월 10일,2종일주,광주광역시 남구 행암동 556
992,15,"21,410.7㎡",2017년 10월 25일,2종일주,광주광역시 남구 행암동 713
993,17,"27,401.7㎡",2016년 04월 29일,2종일주,광주광역시 남구 행암동 539
994,1,"16,763㎡",2014년 06월 11일,2종일주,광주광역시 남구 행암동 597
995,17,"28,320.8㎡",2011년 06월 23일,3종일주,광주광역시 남구 백운동 686
996,21,"8,743.3㎡",2011년 10월 19일,준주거,광주광역시 남구 백운동 693
997,20,"4,657㎡",1996년 05월 28일,3종일주,광주광역시 남구 백운동 458
998,1,"2,364.3㎡",1987년 01월 21일,2종일주,광주광역시 남구 백운동 585-3
999,5,811.7㎡,1982년 11월 24일,3종일주,광주광역시 남구 백운동 606-1
1000,5,"1,984㎡",1984년 02월 13일,2종일주,광주광역시 남구 백운동 231-14
1001,13,"3,384㎡",1988년 03월 31일,3종일주,광주광역시 남구 백운동 514-44
1002,15,"6,418㎡",1989년 08월 31일,3종일주,광주광역시 남구 백운동 461-1
1003,20,"10,097㎡",1995년 02월 28일,3종일주,광주광역시 남구 백운동 419
1004,2,"5,022㎡",1991년 02월 05일,3종일주,광주광역시 남구 백운동 409
1005,5,"4,246㎡",1981년 09월 26일,3종일주,광주광역시 남구 방림동 486-12
1006,2,"1,498㎡",1985년 07월 09일,2종일주,광주광역시 남구 방림동 89-29
1007,5,"2,157㎡",1985년 07월 09일,2종일주,광주광역시 남구 방림동 89-25
1008,2,"2,609㎡",1987년 12월 14일,준주거,광주광역시 남구 방림동 377-5
1009,1,250㎡,2013년 02월 28일,준주거,광주광역시 남구 방림동 377-3
1010,6,"1,526㎡",1983년 06월 27일,2종일주,광주광역시 남구 방림동 88
1011,5,"2,807.9㎡",1983년 02월 05일,2종일주,광주광역시 남구 방림동 530-4
1012,15,"5,050.9㎡",1988년 10월 26일,3종일주,광주광역시 남구 방림동 558
1013,22,80㎡,1994년 07월 15일,3종일주,광주광역시 남구 방림동 62-27
1014,15,"38,051.6㎡",1989년 05월 26일,3종일주,광주광역시 남구 방림동 556-1
1015,3,"39,434.6㎡",1989년 06월 01일,3종일주,광주광역시 남구 방림동 556
1016,2,"10,335㎡",2009년 04월 10일,3종일주,광주광역시 남구 봉선동 21
1017,5,"1,295㎡",1986년 02월 27일,2종일주,광주광역시 남구 봉선동 310-1
1018,1,63㎡,,3종일주,광주광역시 남구 봉선동 5
1019,13,"2,568㎡",2002년 10월 24일,2종일주,광주광역시 남구 봉선동 148-1
1020,15,"2,603㎡",2003년 03월 07일,2종일주,광주광역시 남구 월산동 137-1
1021,0,"21,291㎡",2007년 11월 12일,2종일주,광주광역시 남구 노대동 734
1022,0,"19,294.8㎡",2007년 12월 07일,2종일주,광주광역시 남구 노대동 726
1023,0,"16,237.2㎡",2007년 12월 07일,2종일주,광주광역시 남구 노대동 725
1024,,"14,275㎡",,2종일주,광주광역시 남구 노대동 825
1025,0,"39,924.1㎡",2007년 11월 26일,2종일주,광주광역시 남구 노대동 731
1026,18,"34,542.7㎡",2008년 05월 20일,3종일주,광주광역시 남구 양림동 506
1027,15,"3,843㎡",1986년 10월 13일,3종일주,광주광역시 남구 월산동 411-3
1028,13,"2,862.8㎡",1985년 02월 09일,2종일주,광주광역시 남구 월산동 1005-3
1029,5,777.9㎡,1982년 12월 31일,2종일주,광주광역시 남구 월산동 1020-11
1030,5,830.4㎡,1982년 12월 31일,2종일주,광주광역시 남구 월산동 1020-10
1031,5,"1,349.1㎡",1981년 05월 02일,2종일주,광주광역시 남구 월산동 1006-3
1032,5,"1,849㎡",1981년 12월 24일,2종일주,광주광역시 남구 월산동 580
1033,1,"1,830.8㎡",1996년 08월 19일,2종일주,광주광역시 남구 월산동 976-1
1034,10,"1,353㎡",2010년 12월 29일,2종일주,광주광역시 남구 월산동 337-97
1035,5,"5,512㎡",1986년 12월 08일,2종일주,광주광역시 남구 월산동 323-44
1036,2,"4,128㎡",2008년 09월 10일,3종일주,광주광역시 남구 월산동 606-3
1037,3,"11,744㎡",1990년 03월 15일,2종일주,광주광역시 남구 월산동 284
1038,5,"16,538㎡",1978년 12월 02일,2종일주,광주광역시 남구 월산동 110-5
1039,4,"18,245㎡",1996년 06월 26일,3종일주,광주광역시 남구 송하동 43-28
1040,0,"5,813㎡",,3종일주,광주광역시 남구 서동 285
1041,15,"3,604㎡",1991년 09월 17일,2종일주,광주광역시 남구 서동 19
1042,10,"3,137.8㎡",1978년 04월 11일,2종일주,광주광역시 남구 사동 163-8
1043,4,192㎡,2005년 02월 25일,2종일주,광주광역시 서구 쌍촌동 1100-1
1044,4,280㎡,2002년 10월 11일,2종일주,광주광역시 서구 쌍촌동 1100
1045,4,342.6㎡,2002년 01월 02일,1종일주,광주광역시 서구 쌍촌동 1005-32
1046,5,405.3㎡,2010년 07월 09일,2종일주,광주광역시 서구 쌍촌동 1004-40
1047,5,411.3㎡,2008년 01월 31일,2종일주,광주광역시 서구 쌍촌동 1004-2
1048,2,208.8㎡,1986년 10월 24일,1종일주,광주광역시 서구 쌍촌동 1001-51
1049,2,124.4㎡,1980년 04월 28일,1종일주,광주광역시 서구 쌍촌동 997-60
1050,,321㎡,,2종일주,광주광역시 서구 쌍촌동 992-22
1051,,381㎡,,2종일주,광주광역시 서구 쌍촌동 992-19
1052,5,288.2㎡,2012년 03월 14일,준주거,광주광역시 서구 쌍촌동 985-20
1053,5,274.4㎡,2012년 09월 11일,준주거,광주광역시 서구 쌍촌동 985-18
1054,4,181.8㎡,2002년 09월 16일,2종일주,광주광역시 서구 쌍촌동 984-25
1055,4,289.6㎡,2003년 04월 12일,2종일주,광주광역시 서구 쌍촌동 984-2
1056,2,474.8㎡,1980년 11월 25일,2종일주,광주광역시 서구 쌍촌동 981-79
1057,2,703.8㎡,1983년 11월 25일,2종일주,광주광역시 서구 쌍촌동 981-53
1058,4,189.1㎡,2003년 02월 25일,2종일주,광주광역시 서구 쌍촌동 981-12
1059,2,258.9㎡,1982년 01월 09일,1종일주,광주광역시 서구 쌍촌동 979-25
1060,4,399.3㎡,2001년 11월 14일,1종일주,광주광역시 서구 쌍촌동 979-9
1061,6,315.1㎡,2014년 02월 05일,일반상업,광주광역시 서구 쌍촌동 972-8
1062,6,130.6㎡,2013년 10월 24일,일반상업,광주광역시 서구 쌍촌동 969-53
1063,5,287.7㎡,2012년 09월 11일,준주거,광주광역시 서구 쌍촌동 964-62
1064,2,309.4㎡,1980년 09월 09일,1종일주,광주광역시 서구 쌍촌동 960-10
1065,4,237㎡,2001년 09월 13일,1종일주,광주광역시 서구 쌍촌동 959-5
1066,3,149.5㎡,1979년 12월 15일,1종일주,광주광역시 서구 쌍촌동 953-23
1067,4,248.2㎡,2004년 02월 13일,2종일주,광주광역시 서구 쌍촌동 951-4
1068,6,277.6㎡,2018년 06월 18일,2종일주,광주광역시 서구 쌍촌동 950-15
1069,5,806㎡,2013년 07월 18일,1종일주,광주광역시 서구 쌍촌동 905-75
1070,4,908㎡,2012년 09월 11일,1종일주,광주광역시 서구 쌍촌동 905-74
1071,4,990㎡,2013년 11월 12일,1종일주,광주광역시 서구 쌍촌동 905-36
1072,5,325㎡,2006년 10월 09일,2종일주,광주광역시 서구 쌍촌동 807-19
1073,4,132㎡,2004년 10월 18일,1종일주,광주광역시 서구 쌍촌동 564-131
1074,4,204㎡,2006년 01월 10일,1종일주,광주광역시 서구 쌍촌동 549-42
1075,4,304㎡,2005년 07월 06일,2종일주,광주광역시 서구 쌍촌동 540-1
1076,4,254㎡,2006년 07월 19일,2종일주,광주광역시 서구 쌍촌동 537-2
1077,4,306㎡,2004년 08월 18일,2종일주,광주광역시 서구 쌍촌동 537-1
1078,4,289㎡,2004년 12월 22일,2종일주,광주광역시 서구 쌍촌동 536
1079,4,86㎡,2005년 08월 18일,2종일주,광주광역시 서구 쌍촌동 535
1080,5,132㎡,2005년 12월 27일,2종일주,광주광역시 서구 쌍촌동 534-3
1081,4,150㎡,2005년 08월 24일,2종일주,광주광역시 서구 쌍촌동 534
1082,4,128㎡,2005년 09월 26일,2종일주,광주광역시 서구 쌍촌동 533-1
1083,5,262㎡,2006년 08월 18일,2종일주,광주광역시 서구 쌍촌동 531-13
1084,5,201㎡,2006년 08월 23일,2종일주,광주광역시 서구 쌍촌동 531-6
1085,5,260㎡,2015년 04월 17일,2종일주,광주광역시 서구 쌍촌동 531
1086,4,315㎡,2006년 06월 20일,2종일주,광주광역시 서구 쌍촌동 528-1
1087,4,180㎡,2004년 09월 02일,2종일주,광주광역시 서구 쌍촌동 527-1
1088,4,200㎡,2004년 02월 24일,2종일주,광주광역시 서구 쌍촌동 527
1089,4,245㎡,2004년 12월 20일,2종일주,광주광역시 서구 쌍촌동 526
1090,4,208㎡,2004년 01월 07일,2종일주,광주광역시 서구 쌍촌동 525-1
1091,5,977㎡,2015년 09월 01일,2종일주,광주광역시 서구 쌍촌동 525
1092,5,254㎡,2005년 11월 09일,2종일주,광주광역시 서구 쌍촌동 513-1
1093,4,145㎡,2006년 01월 31일,1종일주,광주광역시 서구 쌍촌동 504-16
1094,4,83㎡,2005년 09월 29일,1종일주,광주광역시 서구 쌍촌동 504-13
1095,4,172㎡,2005년 12월 20일,2종일주,광주광역시 서구 쌍촌동 488-5
1096,4,313㎡,2015년 07월 01일,1종일주,광주광역시 서구 쌍촌동 474-24
1097,4,202㎡,1994년 02월 02일,1종일주,광주광역시 서구 쌍촌동 401-10
1098,3,669㎡,1987년 04월 03일,1종일주,광주광역시 서구 쌍촌동 330-2
1099,4,169㎡,2002년 03월 21일,1종일주,광주광역시 서구 쌍촌동 328-53
1100,4,211㎡,2002년 07월 27일,1종일주,광주광역시 서구 쌍촌동 328-52
1101,4,305㎡,2002년 03월 25일,1종일주,광주광역시 서구 쌍촌동 328-51
1102,4,234.7㎡,2006년 05월 16일,준주거,광주광역시 동구 지산동 719-12
1103,4,234.7㎡,2006년 05월 04일,준주거,광주광역시 동구 지산동 719-11
1104,5,188.8㎡,2015년 02월 27일,준주거,광주광역시 동구 지산동 719-4
1105,3,320.7㎡,2002년 03월 06일,2종일주,광주광역시 동구 지산동 716-43
1106,4,237㎡,2001년 11월 26일,2종일주,광주광역시 동구 지산동 714-9
1107,3,205㎡,1996년 05월 03일,2종일주,광주광역시 동구 지산동 703-47
1108,2,208.3㎡,1986년 05월 06일,2종일주,광주광역시 동구 지산동 703-29
1109,5,310.7㎡,2012년 11월 29일,2종일주,광주광역시 동구 지산동 703-17
1110,4,450.6㎡,2018년 08월 16일,2종일주,광주광역시 동구 지산동 703-13
1111,4,149㎡,2003년 10월 09일,2종일주,광주광역시 동구 지산동 694-49
1112,4,152㎡,2003년 04월 08일,2종일주,광주광역시 동구 지산동 691-12
1113,4,83㎡,2004년 02월 18일,2종일주,광주광역시 동구 지산동 691-11
1114,5,240㎡,2001년 11월 16일,2종일주,광주광역시 동구 지산동 503-4
1115,2,260㎡,1981년 05월 18일,1종일주,광주광역시 동구 지산동 463-11
1116,4,166㎡,2004년 11월 15일,2종일주,광주광역시 동구 지산동 461-13
1117,4,227㎡,2005년 11월 04일,2종일주,광주광역시 동구 지산동 461-1
1118,4,122㎡,2005년 04월 27일,2종일주,광주광역시 동구 지산동 460-7
1119,4,162㎡,2005년 04월 27일,2종일주,광주광역시 동구 지산동 460-4
1120,4,221㎡,2004년 03월 15일,2종일주,광주광역시 동구 지산동 459-1
1121,4,291㎡,2004년 03월 19일,2종일주,광주광역시 동구 지산동 457-2
1122,4,205㎡,2006년 04월 26일,2종일주,광주광역시 동구 지산동 453-11
1123,4,126㎡,2005년 10월 10일,2종일주,광주광역시 동구 지산동 452-13
1124,5,69㎡,2002년 12월 24일,2종일주,광주광역시 동구 지산동 452-9
1125,4,264㎡,2003년 10월 29일,2종일주,광주광역시 동구 지산동 452-4
1126,4,210㎡,2004년 04월 02일,2종일주,광주광역시 동구 지산동 452-3
1127,2,272㎡,1989년 11월 03일,2종일주,광주광역시 동구 지산동 452-2
1128,4,301㎡,2005년 01월 19일,2종일주,광주광역시 동구 지산동 452-1
1129,4,200㎡,2005년 08월 25일,2종일주,광주광역시 동구 지산동 450-7
1130,5,337㎡,2012년 02월 28일,2종일주,광주광역시 동구 지산동 448-33
1131,3,213㎡,2004년 03월 26일,2종일주,광주광역시 동구 지산동 447-13
1132,4,331㎡,2008년 02월 22일,2종일주,광주광역시 동구 지산동 431-7
1133,4,409㎡,2008년 04월 15일,2종일주,광주광역시 동구 지산동 430-7
1134,4,198㎡,2006년 08월 25일,2종일주,광주광역시 동구 지산동 429-7
1135,3,198㎡,2003년 03월 22일,2종일주,광주광역시 동구 지산동 414-30
1136,3,192㎡,1990년 08월 27일,2종일주,광주광역시 동구 지산동 413-1
1137,5,307㎡,2013년 04월 12일,2종일주,광주광역시 동구 지산동 342-38
1138,5,230㎡,2004년 06월 07일,2종일주,광주광역시 동구 지산동 310-7
1139,4,152㎡,2003년 07월 11일,2종일주,광주광역시 동구 지산동 292
1140,4,16㎡,2004년 03월 29일,2종일주,광주광역시 동구 지산동 290-1
1141,4,273㎡,2002년 02월 09일,2종일주,광주광역시 동구 지산동 289
1142,3,174㎡,2005년 03월 30일,2종일주,광주광역시 동구 지산동 280-2
1143,4,191㎡,2007년 06월 04일,2종일주,광주광역시 동구 지산동 232-53
1144,4,138㎡,2006년 05월 02일,2종일주,광주광역시 동구 지산동 232-38
1145,4,158㎡,2006년 02월 17일,2종일주,광주광역시 동구 지산동 232-27
1146,4,160㎡,2006년 05월 04일,2종일주,광주광역시 동구 지산동 232-26
1147,4,141㎡,2007년 04월 04일,2종일주,광주광역시 동구 지산동 232-25
1148,4,233㎡,2002년 08월 16일,2종일주,광주광역시 동구 지산동 187-42
1149,5,243㎡,2002년 08월 16일,2종일주,광주광역시 동구 지산동 187-30
1150,2,364㎡,1979년 11월 08일,2종일주,광주광역시 동구 지산동 178
1151,2,377.5㎡,1980년 06월 30일,준주거,광주광역시 서구 내방동 841-23
1152,4,283.7㎡,1982년 05월 20일,준주거,광주광역시 서구 내방동 840-31
1153,2,269㎡,1986년 09월 16일,2종일주,광주광역시 서구 내방동 591-4
1154,5,264㎡,2008년 06월 17일,3종일주,광주광역시 서구 내방동 503-26
1155,2,718㎡,1993년 02월 27일,1종일주,광주광역시 서구 치평동 245-1
1156,3,400㎡,1982년 07월 13일,2종일주,광주광역시 동구 용산동 243-4
1157,2,262㎡,1987년 06월 12일,2종일주,광주광역시 동구 용산동 239
1158,5,268㎡,2017년 01월 16일,2종일주,광주광역시 동구 소태동 954
1159,4,235㎡,2002년 09월 19일,2종일주,광주광역시 동구 소태동 722-19
1160,4,390㎡,2004년 03월 17일,2종일주,광주광역시 동구 소태동 532-133
1161,5,637㎡,2015년 02월 05일,2종일주,광주광역시 동구 소태동 508-4
1162,5,211.6㎡,2015년 10월 28일,중심상업,광주광역시 동구 금남로5가 116-2
1163,4,209.6㎡,2002년 10월 31일,일반상업,광주광역시 동구 대인동 311-9
1164,4,121.1㎡,2002년 09월 04일,중심상업,광주광역시 동구 금동 169-3
1165,4,114.4㎡,2004년 07월 15일,중심상업,광주광역시 동구 금동 57-38
1166,4,241.3㎡,2002년 10월 02일,중심상업,광주광역시 동구 금동 39
1167,5,175㎡,2005년 02월 07일,2종일주,광주광역시 서구 양동 438-504
1168,5,292㎡,2005년 01월 25일,2종일주,광주광역시 서구 양동 438-384
1169,5,156㎡,2005년 02월 23일,2종일주,광주광역시 서구 양동 438-61
1170,4,331㎡,1995년 09월 25일,2종일주,광주광역시 서구 양동 438-32
1171,1,468㎡,,2종일주,광주광역시 서구 양동 432-3
1172,2,458㎡,1980년 06월 11일,2종일주,광주광역시 서구 양동 425-16
1173,3,179㎡,1987년 09월 29일,3종일주,광주광역시 서구 양동 307-15
1174,3,156㎡,1987년 02월 17일,3종일주,광주광역시 서구 양동 307-14
1175,5,400㎡,2014년 03월 21일,준주거,광주광역시 서구 양동 287-2
1176,2,384.2㎡,1983년 06월 24일,2종일주,광주광역시 서구 농성동 667-35
1177,4,184.2㎡,2014년 03월 13일,2종일주,광주광역시 서구 농성동 667-6
1178,4,464.8㎡,2013년 12월 04일,1종일주,광주광역시 서구 농성동 664-9
1179,4,224.9㎡,2003년 02월 14일,준주거,광주광역시 서구 농성동 660-31
1180,4,225㎡,2003년 02월 14일,준주거,광주광역시 서구 농성동 660-14
1181,5,184.1㎡,2013년 09월 12일,2종일주,광주광역시 서구 농성동 632-23
1182,2,487㎡,1981년 01월 26일,2종일주,광주광역시 서구 농성동 475-1
1183,2,394㎡,1981년 11월 04일,2종일주,광주광역시 서구 농성동 390-8
1184,2,387㎡,1981년 11월 04일,2종일주,광주광역시 서구 농성동 390-7
1185,4,182㎡,2002년 01월 10일,2종일주,광주광역시 서구 농성동 390-2
1186,4,312㎡,1994년 01월 19일,1종일주,광주광역시 서구 농성동 374-13
1187,4,401㎡,1991년 11월 26일,1종일주,광주광역시 서구 농성동 373-15
1188,1,338㎡,,1종일주,광주광역시 서구 농성동 345-74
1189,8,142㎡,2012년 01월 17일,준주거,광주광역시 서구 농성동 166-10
1190,2,628㎡,1980년 01월 25일,3종일주,광주광역시 서구 광천동 682-5
1191,4,262㎡,2001년 08월 13일,3종일주,광주광역시 서구 광천동 651-11
1192,4,260㎡,2002년 11월 29일,3종일주,광주광역시 서구 광천동 636-15
1193,1,437㎡,1971년 03월 22일,2종일주,광주광역시 서구 광천동 629-16
1194,4,278㎡,2003년 08월 13일,2종일주,광주광역시 서구 광천동 627-15
1195,4,285㎡,2002년 09월 12일,3종일주,광주광역시 서구 광천동 581-22
1196,4,330㎡,2002년 05월 06일,3종일주,광주광역시 서구 광천동 581-7
1197,4,221㎡,2002년 08월 23일,3종일주,광주광역시 서구 광천동 566-17
1198,4,177㎡,2002년 10월 02일,2종일주,광주광역시 서구 광천동 116
1199,3,284.3㎡,2001년 10월 31일,1종일주,광주광역시 서구 화정동 1411
1200,4,124㎡,2004년 04월 16일,2종일주,광주광역시 서구 화정동 1171
1201,4,192㎡,2002년 07월 29일,2종일주,광주광역시 서구 화정동 1168
1202,4,499㎡,2004년 02월 10일,2종일주,광주광역시 서구 화정동 1043
1203,3,330.5㎡,1986년 01월 18일,준주거,광주광역시 서구 화정동 825-4
1204,2,182㎡,1981년 01월 22일,1종일주,광주광역시 서구 화정동 781-34
1205,4,377.2㎡,2008년 06월 12일,2종일주,광주광역시 서구 화정동 760-1
1206,3,449.9㎡,1983년 07월 14일,준주거,광주광역시 서구 화정동 750-11
1207,2,815㎡,1980년 08월 25일,1종일주,광주광역시 서구 화정동 368-30
1208,2,784㎡,1980년 12월 03일,1종일주,광주광역시 서구 화정동 368-21
1209,5,790㎡,2013년 10월 10일,2종일주,광주광역시 서구 화정동 332-6
1210,2,708㎡,1980년 08월 19일,1종일주,광주광역시 서구 화정동 325-1
1211,5,193㎡,2002년 10월 25일,2종일주,광주광역시 서구 화정동 178-100
1212,2,462㎡,1980년 09월 09일,1종일주,광주광역시 서구 화정동 70-74
1213,4,175㎡,2001년 12월 19일,1종일주,광주광역시 서구 화정동 70-60
1214,4,235㎡,1995년 09월 26일,1종일주,광주광역시 서구 화정동 23-135
1215,4,331㎡,2001년 10월 26일,2종일주,광주광역시 동구 동명동 228-21
1216,4,132㎡,2002년 04월 18일,2종일주,광주광역시 동구 동명동 200-208
1217,4,218㎡,2003년 04월 23일,2종일주,광주광역시 동구 동명동 200-206
1218,5,334㎡,2004년 03월 04일,2종일주,광주광역시 동구 동명동 200-141
1219,4,331㎡,2003년 02월 06일,근린상업,광주광역시 동구 동명동 179-10
1220,4,212㎡,2014년 07월 21일,근린상업,광주광역시 동구 동명동 159-10
1221,4,297㎡,1991년 10월 31일,2종일주,광주광역시 동구 동명동 154-49
1222,4,285㎡,2002년 07월 22일,2종일주,광주광역시 동구 동명동 154-48
1223,4,483㎡,2002년 05월 16일,2종일주,광주광역시 동구 동명동 154-12
1224,4,208.6㎡,2001년 07월 20일,준주거,광주광역시 동구 동명동 101-33
1225,4,261.8㎡,2002년 02월 07일,준주거,광주광역시 동구 동명동 101-24
1226,4,357㎡,2004년 01월 19일,2종일주,광주광역시 동구 동명동 72-26
1227,5,228㎡,2002년 01월 11일,근린상업,광주광역시 동구 동명동 18-16
1228,5,198㎡,2005년 11월 10일,준주거,광주광역시 동구 계림동 588-3
1229,4,225㎡,2003년 05월 30일,준주거,광주광역시 동구 계림동 585-14
1230,5,268㎡,2005년 12월 21일,준주거,광주광역시 동구 계림동 584-12
1231,5,194㎡,2007년 01월 02일,준주거,광주광역시 동구 계림동 583-7
1232,3,305㎡,1988년 02월 15일,일반상업,광주광역시 동구 계림동 578-8
1233,5,182㎡,2002년 03월 28일,준주거,광주광역시 동구 계림동 571-16
1234,5,182㎡,2002년 03월 28일,준주거,광주광역시 동구 계림동 571-12
1235,4,278㎡,2001년 08월 24일,준주거,광주광역시 동구 계림동 565-9
1236,5,168㎡,2005년 01월 12일,준주거,광주광역시 동구 계림동 562-20
1237,5,169㎡,2005년 01월 12일,준주거,광주광역시 동구 계림동 562-16
1238,3,331㎡,1984년 02월 23일,일반상업,광주광역시 동구 계림동 557-1
1239,4,271㎡,2013년 09월 17일,2종일주,광주광역시 동구 계림동 555-6
1240,3,340.5㎡,1990년 07월 31일,준주거,광주광역시 동구 계림동 530-1
1241,5,261㎡,2002년 12월 18일,준주거,광주광역시 동구 계림동 489-28
1242,4,132㎡,2003년 08월 30일,준주거,광주광역시 동구 계림동 489-21
1243,5,175㎡,2005년 10월 24일,준주거,광주광역시 동구 계림동 489-14
1244,5,149㎡,2010년 12월 27일,일반상업,광주광역시 동구 계림동 485-47
1245,4,221㎡,2002년 01월 19일,일반상업,광주광역시 동구 계림동 485-46
1246,3,185㎡,1991년 05월 27일,일반상업,광주광역시 동구 계림동 295-23
1247,3,294㎡,1989년 09월 07일,일반상업,광주광역시 동구 계림동 295-4
1248,3,238㎡,1986년 12월 02일,일반상업,광주광역시 동구 계림동 292-8
1249,4,256㎡,1983년 10월 31일,2종일주,광주광역시 동구 계림동 181-9
1250,4,417㎡,2012년 02월 22일,3종일주,광주광역시 동구 계림동 116-10
1251,5,310㎡,2014년 02월 19일,2종일주,광주광역시 동구 서석동 470-23
1252,4,416㎡,2013년 08월 12일,2종일주,광주광역시 동구 서석동 468-31
1253,4,183㎡,2013년 08월 07일,2종일주,광주광역시 동구 서석동 468-7
1254,4,357㎡,2012년 09월 11일,2종일주,광주광역시 동구 서석동 429-1
1255,4,387㎡,2012년 09월 20일,2종일주,광주광역시 동구 서석동 429
1256,4,252㎡,2006년 01월 18일,준주거,광주광역시 동구 서석동 428-4
1257,4,348.3㎡,2007년 01월 10일,2종일주,광주광역시 동구 서석동 119
1258,4,444.8㎡,2015년 01월 14일,2종일주,광주광역시 동구 서석동 97-33
1259,2,148㎡,1989년 06월 23일,3종일주,광주광역시 동구 학동 901-365
1260,4,275㎡,1996년 01월 16일,3종일주,광주광역시 동구 학동 901-296
1261,4,145㎡,1997년 10월 21일,3종일주,광주광역시 동구 학동 901-116
1262,4,225㎡,1998년 05월 09일,3종일주,광주광역시 동구 학동 901-111
1263,3,218㎡,1997년 12월 04일,3종일주,광주광역시 동구 학동 901-93
1264,4,151㎡,1996년 09월 24일,3종일주,광주광역시 동구 학동 901-42
1265,3,158㎡,1997년 04월 01일,3종일주,광주광역시 동구 학동 901-16
1266,3,273㎡,2005년 03월 30일,1종일주,광주광역시 동구 학동 790-3
1267,4,418㎡,2004년 08월 13일,2종일주,광주광역시 동구 학동 788-12
1268,4,425㎡,2004년 08월 13일,2종일주,광주광역시 동구 학동 788
1269,2,278㎡,1979년 12월 29일,1종일주,광주광역시 동구 학동 778-7
1270,2,236㎡,1979년 12월 29일,1종일주,광주광역시 동구 학동 778-5
1271,4,369㎡,1996년 04월 03일,2종일주,광주광역시 동구 학동 739-2
1272,4,396㎡,1996년 04월 03일,2종일주,광주광역시 동구 학동 739-1
1273,1,320㎡,1994년 05월 19일,2종일주,광주광역시 동구 학동 739
1274,4,"1,081㎡",2013년 08월 22일,2종일주,광주광역시 동구 학동 730-5
1275,2,195㎡,1988년 03월 26일,3종일주,광주광역시 동구 학동 636-11
1276,4,243㎡,2002년 08월 01일,준주거,광주광역시 동구 학동 524-12
1277,5,393㎡,2012년 01월 03일,준주거,광주광역시 동구 학동 522-3
1278,2,352㎡,1984년 10월 08일,1종일주,광주광역시 동구 학동 258
1279,4,"1,841㎡",2013년 12월 24일,1종일주,광주광역시 동구 학동 236-1
1280,4,188㎡,2003년 10월 01일,준주거,광주광역시 동구 학동 29-18
1281,4,169.9㎡,2004년 01월 29일,2종일주,광주광역시 동구 산수동 549-23
1282,2,387.1㎡,1980년 11월 26일,2종일주,광주광역시 동구 산수동 549-11
1283,4,159㎡,2003년 03월 28일,준주거,광주광역시 동구 산수동 543-24
1284,5,190.1㎡,2000년 12월 30일,준주거,광주광역시 동구 산수동 542-10
1285,4,197.1㎡,2004년 06월 18일,준주거,광주광역시 동구 산수동 538-22
1286,4,196.7㎡,2003년 08월 12일,준주거,광주광역시 동구 산수동 537-23
1287,4,196.7㎡,2003년 08월 12일,준주거,광주광역시 동구 산수동 537-22
1288,4,196.7㎡,2002년 12월 26일,준주거,광주광역시 동구 산수동 537-21
1289,5,209.6㎡,2005년 08월 31일,준주거,광주광역시 동구 산수동 537-20
1290,4,316.4㎡,2009년 05월 28일,준주거,광주광역시 동구 산수동 522-83
1291,3,368.2㎡,1994년 08월 27일,1종일주,광주광역시 동구 산수동 517-14
1292,4,422.1㎡,2012년 12월 06일,2종일주,광주광역시 동구 산수동 509-4
1293,4,409㎡,2007년 05월 04일,2종일주,광주광역시 동구 산수동 490-2
1294,5,184㎡,2003년 07월 18일,2종일주,광주광역시 동구 산수동 484-3
1295,5,449㎡,2006년 06월 30일,2종일주,광주광역시 동구 산수동 483-6
1296,5,231㎡,2006년 01월 19일,2종일주,광주광역시 동구 산수동 483-5
1297,4,208㎡,1995년 08월 22일,2종일주,광주광역시 동구 산수동 482-4
1298,5,204㎡,2002년 11월 14일,2종일주,광주광역시 동구 산수동 480-15
1299,5,172㎡,2002년 11월 14일,2종일주,광주광역시 동구 산수동 480-8
1300,4,162㎡,2002년 09월 30일,2종일주,광주광역시 동구 산수동 480-7
1301,5,208㎡,2002년 11월 14일,2종일주,광주광역시 동구 산수동 480-4
1302,5,134㎡,2002년 04월 24일,2종일주,광주광역시 동구 산수동 480-2
1303,3,"1,060.4㎡",1971년,2종일주,광주광역시 동구 산수동 463-9
1304,2,783.4㎡,1980년 06월 17일,2종일주,광주광역시 동구 산수동 463-8
1305,5,211㎡,2004년 02월 27일,2종일주,광주광역시 동구 산수동 428-5
1306,4,224㎡,2005년 07월 20일,2종일주,광주광역시 동구 산수동 428-1
1307,5,268㎡,2004년 11월 29일,2종일주,광주광역시 동구 산수동 428
1308,5,349㎡,2005년 05월 18일,2종일주,광주광역시 동구 산수동 427-15
1309,5,402㎡,2005년 04월 18일,2종일주,광주광역시 동구 산수동 427-1
1310,5,111㎡,2003년 12월 29일,2종일주,광주광역시 동구 산수동 426-35
1311,4,162㎡,2003년 05월 09일,2종일주,광주광역시 동구 산수동 426-34
1312,2,135㎡,2002년 05월 13일,2종일주,광주광역시 동구 산수동 426-24
1313,5,116㎡,2003년 12월 29일,2종일주,광주광역시 동구 산수동 426-17
1314,4,185㎡,2002년 11월 28일,2종일주,광주광역시 동구 산수동 426-14
1315,3,193㎡,2002년 11월 07일,2종일주,광주광역시 동구 산수동 425-20
1316,3,136㎡,2002년 08월 23일,2종일주,광주광역시 동구 산수동 424-4
1317,4,223㎡,2001년 05월 17일,2종일주,광주광역시 동구 산수동 406-10
1318,5,196㎡,2003년 04월 14일,2종일주,광주광역시 동구 산수동 401-27
1319,5,253㎡,2004년 03월 08일,2종일주,광주광역시 동구 산수동 401-24
1320,4,212㎡,2004년 03월 04일,2종일주,광주광역시 동구 산수동 401-23
1321,5,255㎡,2004년 03월 29일,2종일주,광주광역시 동구 산수동 401-22
1322,4,242㎡,2001년 10월 20일,2종일주,광주광역시 동구 산수동 392-2
1323,5,161㎡,2003년 02월 28일,2종일주,광주광역시 동구 산수동 372-5
1324,5,201㎡,2006년 01월 27일,2종일주,광주광역시 동구 산수동 372-4
1325,3,193㎡,1997년 05월 22일,2종일주,광주광역시 동구 산수동 371-2
1326,4,261㎡,2003년 06월 04일,1종일주,광주광역시 동구 산수동 227-21
1327,4,"2,992㎡",2014년 03월 13일,1종일주,광주광역시 서구 쌍촌동 531-1
1328,4,"1,493.3㎡",2012년 06월 15일,1종일주,광주광역시 서구 쌍촌동 1004-10
1329,4,"1,628.2㎡",1981년 09월 23일,2종일주,광주광역시 서구 쌍촌동 949-1
1330,7,"1,629㎡",2017년 11월 02일,2종일주,광주광역시 서구 쌍촌동 564-59
1331,2,"1,216㎡",1981년 06월 02일,1종일주,광주광역시 서구 쌍촌동 564-55
1332,4,814㎡,1981년 08월 01일,일반상업,광주광역시 서구 쌍촌동 969-48
1333,2,"1,333.2㎡",1979년 08월 29일,1종일주,광주광역시 서구 쌍촌동 1001-13
1334,3,"2,584.8㎡",1985년 01월 04일,준주거,광주광역시 서구 쌍촌동 988
1335,4,627㎡,2013년 07월 05일,1종일주,광주광역시 서구 쌍촌동 991-6
1336,4,185.8㎡,1998년 06월 17일,1종일주,광주광역시 서구 쌍촌동 990-10
1337,3,"2,173㎡",1982년 07월 06일,2종일주,광주광역시 서구 쌍촌동 608-1
1338,3,654㎡,1983년 08월 25일,1종일주,광주광역시 서구 쌍촌동 544-4
1339,4,801㎡,1983년 04월 29일,1종일주,광주광역시 서구 쌍촌동 330-3
1340,4,"3,052㎡",2015년 05월 27일,1종일주,광주광역시 동구 소태동 772-5
1341,2,912㎡,1991년 10월 22일,2종일주,광주광역시 동구 소태동 722-72
1342,3,911㎡,1991년 10월 22일,2종일주,광주광역시 동구 소태동 722-1
1343,3,"1,387㎡",1990년 09월 27일,1종일주,광주광역시 동구 소태동 677
1344,3,883㎡,1983년 10월 18일,준주거,광주광역시 동구 소태동 671-1
1345,3,762㎡,1983년 08월 01일,준주거,광주광역시 동구 소태동 655
1346,3,679㎡,1990년 04월 17일,2종일주,광주광역시 동구 소태동 551-1
1347,1,162㎡,,3종일주,광주광역시 동구 소태동 223
1348,4,544.5㎡,1974년 12월 13일,중심상업,광주광역시 동구 충장로4가 32
1349,6,416㎡,2013년 07월 26일,준주거,광주광역시 동구 용산동 636-84
1350,3,566㎡,1982년 10월 22일,1종일주,광주광역시 동구 용산동 636-53
1351,2,"1,878㎡",1980년 07월 14일,준주거,광주광역시 동구 용산동 636-16
1352,2,"1,134㎡",1981년 08월 14일,2종일주,광주광역시 동구 운림동 868
1353,3,635㎡,1983년 09월 08일,준주거,광주광역시 동구 계림동 487-28
1354,3,135㎡,1988년 12월 05일,2종일주,광주광역시 동구 동명동 207-107
1355,4,693.8㎡,1982년 05월 20일,준주거,광주광역시 서구 내방동 840-20
1356,3,790㎡,1986년 04월 30일,2종일주,광주광역시 서구 내방동 481-3
1357,3,"1,868㎡",1984년 12월 11일,2종일주,광주광역시 서구 내방동 311-12
1358,4,"1,595㎡",2012년 12월 07일,2종일주,광주광역시 서구 내방동 309-2
1359,3,875㎡,1984년 04월 30일,3종일주,광주광역시 서구 광천동 747-9
1360,3,"1,317㎡",1984년 04월 30일,3종일주,광주광역시 서구 광천동 747-3
1361,3,"1,030㎡",1988년 02월 08일,3종일주,광주광역시 서구 광천동 711-18
1362,3,831㎡,1987년 11월 14일,3종일주,광주광역시 서구 광천동 711-17
1363,3,"3,243㎡",1982년 10월 19일,일반상업,광주광역시 서구 광천동 106-1
1364,3,450.9㎡,1983년 03월 17일,2종일주,광주광역시 동구 산수동 549-10
1365,4,"2,055.1㎡",1971년,2종일주,광주광역시 동구 산수동 463-12
1366,4,780.4㎡,1971년,2종일주,광주광역시 동구 산수동 463-5
1367,3,"1,574㎡",1980년 12월 27일,2종일주,광주광역시 동구 산수동 128-1
1368,4,962.3㎡,1982년 11월 27일,2종일주,광주광역시 서구 농성동 667-10
1369,4,"1,425㎡",1992년 10월 09일,2종일주,광주광역시 서구 농성동 665-15
1370,4,528.9㎡,1982년 05월 21일,1종일주,광주광역시 서구 농성동 651-8
1371,5,784.1㎡,2014년 01월 20일,준주거,광주광역시 서구 농성동 629-11
1372,6,628㎡,2012년 12월 21일,준주거,광주광역시 서구 농성동 278-1
1373,4,974㎡,1996년 11월 19일,2종일주,광주광역시 동구 학동 716-4
1374,4,894㎡,1983년 01월 28일,3종일주,광주광역시 동구 학동 676-12
1375,4,743㎡,1982년 12월 23일,3종일주,광주광역시 동구 학동 676-11
1376,4,"3,746㎡",2013년 01월 29일,자연녹지,광주광역시 동구 학동 662-34
1377,5,381.5㎡,2013년 03월 12일,근린상업,광주광역시 동구 지산동 722-9
1378,4,264㎡,2003년 10월 25일,2종일주,광주광역시 동구 지산동 694-8
1379,4,694㎡,1982년 02월 11일,2종일주,광주광역시 동구 지산동 691-3
1380,3,919㎡,1983년 11월 26일,근린상업,광주광역시 동구 지산동 394-6
1381,5,459㎡,2006년 04월 06일,2종일주,광주광역시 동구 지산동 232-22
1382,3,"1,260㎡",1981년 10월 13일,2종일주,광주광역시 동구 지산동 223-1
1383,7,"4,415㎡",1997년 09월 25일,일반상업,광주광역시 서구 화정동 23-15
1384,4,731.5㎡,2016년 06월 14일,1종일주,광주광역시 서구 화정동 756-37
1385,2,705.8㎡,1980년 11월 22일,1종일주,광주광역시 서구 화정동 748-1
1386,5,490.9㎡,2013년 03월 20일,2종일주,광주광역시 서구 화정동 742-7
1387,3,"3,605㎡",,3종일주,광주광역시 서구 광천동 650-7
1388,1,"12,228㎡",2009년 12월 30일,3종일주,광주광역시 서구 쌍촌동 1228
1389,1,"35,788㎡",2009년 11월 17일,3종일주,광주광역시 서구 쌍촌동 1229
1390,14,"35,366.3㎡",1991년 09월 19일,3종일주,광주광역시 서구 쌍촌동 1228-1
1391,12,"21,956㎡",1998년 01월 08일,3종일주,광주광역시 서구 쌍촌동 452-22
1392,20,"4,124㎡",1997년 02월 12일,3종일주,광주광역시 서구 쌍촌동 879
1393,17,"4,273㎡",1996년 08월 12일,3종일주,광주광역시 서구 쌍촌동 543-1
1394,5,"1,067.5㎡",1984년 11월 16일,2종일주,광주광역시 서구 쌍촌동 983-10
1395,10,680.7㎡,2012년 12월 10일,일반상업,광주광역시 서구 쌍촌동 970-6
1396,5,"1,003㎡",1982년 11월 05일,일반상업,광주광역시 서구 쌍촌동 970-2
1397,5,"1,678.5㎡",1980년 10월 16일,일반상업,광주광역시 서구 쌍촌동 969-12
1398,5,"1,840㎡",1981년 10월 27일,일반상업,광주광역시 서구 쌍촌동 968-1
1399,5,896.2㎡,1982년 07월 15일,준주거,광주광역시 서구 쌍촌동 965-13
1400,5,997.6㎡,1981년 12월 28일,2종일주,광주광역시 서구 쌍촌동 951-5
1401,9,"2,143㎡",1984년 11월 02일,3종일주,광주광역시 서구 쌍촌동 282-9
1402,11,"3,541.5㎡",1985년 11월 12일,일반상업,광주광역시 서구 쌍촌동 966-2
1403,18,"4,927㎡",1995년 08월 25일,2종일주,광주광역시 서구 쌍촌동 1135
1404,24,"9,016㎡",2011년 11월 17일,3종일주,광주광역시 서구 쌍촌동 137-4
1405,1,"2,183.5㎡",1988년 06월 14일,3종일주,광주광역시 서구 쌍촌동 963-2
1406,15,"22,097.7㎡",1998년 02월 23일,3종일주,광주광역시 서구 치평동 1159
1407,17,"16,489.5㎡",1998년 02월 12일,3종일주,광주광역시 서구 치평동 1168-11
1408,15,"1,532.3㎡",2014년 08월 01일,중심상업,광주광역시 서구 치평동 1259-4
1409,15,"18,076.3㎡",1998년 02월 10일,3종일주,광주광역시 서구 치평동 1168
1410,15,"2,065.9㎡",2014년 03월 25일,중심상업,광주광역시 서구 치평동 1218
1411,15,"2,104.1㎡",2014년 07월 28일,중심상업,광주광역시 서구 치평동 1258-5
1412,20,"21,480.4㎡",2000년 06월 16일,3종일주,광주광역시 서구 풍암동 1057
1413,15,"20,341.7㎡",2000년 06월 07일,3종일주,광주광역시 서구 풍암동 1053
1414,11,"2,394㎡",1983년 12월 22일,3종일주,광주광역시 동구 학동 719-34
1415,5,"1,083㎡",1983년 12월 07일,3종일주,광주광역시 동구 학동 901-305
1416,5,566㎡,1984년 01월 19일,3종일주,광주광역시 동구 학동 721-6
1417,5,"1,155㎡",1984년 03월 03일,3종일주,광주광역시 동구 학동 721-5
1418,5,957㎡,1982년 09월 22일,3종일주,광주광역시 동구 학동 637-208
1419,15,"2,785㎡",1992년 11월 13일,3종일주,광주광역시 동구 학동 898-4
1420,1,"5,529㎡",,3종일주,광주광역시 동구 학동 270
1421,20,"10,914㎡",1994년 02월 16일,3종일주,광주광역시 동구 학동 676-1
1422,15,"6,865㎡",1995년 08월 31일,3종일주,광주광역시 동구 산수동 84
1423,5,"2,923.6㎡",1984년 06월 30일,2종일주,광주광역시 동구 산수동 463-19
1424,2,"2,901.7㎡",,2종일주,광주광역시 동구 산수동 463-6
1425,5,"2,289.9㎡",1983년 12월 27일,2종일주,광주광역시 동구 산수동 552-17
1426,2,"2,366㎡",1990년 07월 31일,2종일주,광주광역시 동구 산수동 240-14
1427,5,"3,263㎡",1979년 09월 05일,2종일주,광주광역시 동구 산수동 104-3
1428,5,506㎡,1984년 01월 21일,3종일주,광주광역시 동구 산수동 25
1429,10,"7,092㎡",1989년 11월 07일,3종일주,광주광역시 동구 산수동 12
1430,2,"2,796㎡",1997년 01월 22일,3종일주,광주광역시 서구 농성동 414
1431,14,"4,471㎡",2012년 12월 07일,2종일주,광주광역시 서구 농성동 112-1
1432,1,"5,456㎡",1995년 11월 08일,3종일주,광주광역시 서구 농성동 117
1433,5,849㎡,1981년 06월 18일,2종일주,광주광역시 서구 농성동 471
1434,5,687㎡,1982년 08월 13일,2종일주,광주광역시 서구 농성동 470-2
1435,5,789㎡,1982년 08월 09일,2종일주,광주광역시 서구 농성동 470
1436,8,"1,310㎡",1979년 06월 19일,3종일주,광주광역시 서구 농성동 125-4
1437,5,"3,483㎡",1980년 10월 06일,2종일주,광주광역시 서구 농성동 380-5
1438,10,"6,868.4㎡",2017년 12월 21일,2종일주,광주광역시 서구 농성동 700
1439,,,,,광주광역시 동구 용산동 669
1440,22,"6,605㎡",1991년 04월 16일,3종일주,광주광역시 동구 용산동 177
1441,15,"4,384㎡",1991년 10월 26일,3종일주,광주광역시 동구 용산동 147-1
1442,20,"3,911㎡",1997년 04월 23일,3종일주,광주광역시 동구 용산동 636-31
1443,5,844㎡,1981년 12월 30일,2종일주,광주광역시 동구 용산동 636-138
1444,5,"1,804㎡",1981년 12월 28일,2종일주,광주광역시 동구 용산동 636-137
1445,5,"3,560㎡",1983년 12월 23일,2종일주,광주광역시 동구 계림동 191-1
1446,10,496㎡,2018년 10월 29일,일반상업,광주광역시 동구 계림동 175-7
1447,20,"44,309.8㎡",2002년 09월 23일,3종일주,광주광역시 서구 내방동 848
1448,1,"7,404㎡",1993년 08월 11일,3종일주,광주광역시 동구 소태동 480-2
1449,16,"4,552㎡",1993년 08월 11일,3종일주,광주광역시 동구 소태동 440
1450,12,"2,158㎡",1998년 11월 27일,2종일주,광주광역시 동구 소태동 615-1
1451,15,"2,174㎡",1990년 03월 10일,3종일주,광주광역시 동구 소태동 911
1452,5,"3,327㎡",1983년 11월 07일,2종일주,광주광역시 동구 소태동 618
1453,5,693㎡,1982년 05월 19일,2종일주,광주광역시 동구 소태동 717-5
1454,5,"5,341㎡",1979년 09월 17일,2종일주,광주광역시 동구 소태동 717-1
1455,5,430㎡,1983년 06월 11일,2종일주,광주광역시 동구 소태동 709-2
1456,5,847㎡,1983년 06월 08일,2종일주,광주광역시 동구 소태동 709
1457,5,621㎡,1983년 06월 11일,2종일주,광주광역시 동구 소태동 700-2
1458,6,"1,252㎡",1990년 11월 03일,1종일주,광주광역시 동구 소태동 698-23
1459,10,883㎡,2012년 06월 11일,준주거,광주광역시 동구 소태동 690
1460,12,"1,887㎡",1986년 01월 28일,2종일주,광주광역시 동구 소태동 560-11
1461,14,"7,302㎡",2003년 10월 30일,3종일주,광주광역시 동구 소태동 443
1462,6,805㎡,1991년 02월 05일,3종일주,광주광역시 동구 소태동 206
1463,15,"7,226㎡",1996년 07월 30일,3종일주,광주광역시 서구 양동 321-20
1464,18,"2,895㎡",1994년 03월 31일,2종일주,광주광역시 서구 양동 420-5
1465,2,"1,794㎡",1992년 02월 19일,2종일주,광주광역시 서구 양동 439-116
1466,20,"36,513.6㎡",2000년 04월 11일,3종일주,광주광역시 서구 유촌동 864
1467,18,518㎡,1997년 02월 12일,3종일주,광주광역시 동구 운림동 567-1
1468,1,"2,581㎡",1992년 05월 23일,3종일주,광주광역시 동구 운림동 597
1469,2,613㎡,1995년 02월 18일,3종일주,광주광역시 동구 운림동 588
1470,9,"2,782㎡",1994년 03월 09일,2종일주,광주광역시 동구 운림동 628
1471,6,"1,334㎡",1989년 09월 29일,2종일주,광주광역시 동구 동명동 207-88
1472,13,"7,497㎡",1999년 12월 22일,3종일주,광주광역시 서구 내방동 475-1
1473,5,"3,662㎡",1982년 12월 18일,2종일주,광주광역시 서구 내방동 311
1474,5,"1,692.7㎡",1979년 12월 08일,준주거,광주광역시 서구 내방동 841-9
1475,5,"4,494㎡",1984년 06월 30일,2종일주,광주광역시 서구 내방동 590-3
1476,2,"12,088㎡",2000년 07월 28일,3종일주,광주광역시 서구 내방동 385-1
1477,5,"4,192㎡",1983년 06월 11일,2종일주,광주광역시 동구 지산동 315-24
1478,5,"1,314㎡",1983년 08월 03일,2종일주,광주광역시 동구 지산동 513
1479,5,"1,065㎡",1981년 05월 30일,2종일주,광주광역시 동구 지산동 316-7
1480,4,423㎡,1982년 11월 29일,2종일주,광주광역시 동구 지산동 316-1
1481,5,634㎡,1982년 04월 01일,2종일주,광주광역시 동구 지산동 315
1482,9,"2,577㎡",2000년 03월 11일,2종일주,광주광역시 동구 지산동 198-13
1483,1,"4,389㎡",2005년 01월 03일,2종일주,광주광역시 동구 지산동 187-1
1484,5,"1,368㎡",1983년 02월 25일,3종일주,광주광역시 서구 광천동 653-6
1485,5,"2,514㎡",1979년 09월 17일,일반상업,광주광역시 서구 광천동 60-18
1486,18,"41,066.9㎡",1999년 07월 07일,3종일주,광주광역시 서구 유촌동 871
1487,15,"1,097.4㎡",2014년 07월 02일,중심상업,광주광역시 동구 충장로4가 14
1488,15,"1,191.1㎡",2014년 03월 31일,중심상업,광주광역시 동구 금남로5가 154-1
1489,,814.6㎡,,중심상업,광주광역시 동구 대인동 148-1
1490,9,"2,144.5㎡",2011년 12월 19일,중심상업,광주광역시 동구 수기동 22
1491,8,704.8㎡,2016년 02월 12일,중심상업,광주광역시 동구 수기동 43
1492,15,"2,586㎡",2005년 04월 29일,2종일주,광주광역시 서구 유촌동 820-2
1493,1,"22,824.7㎡",,3종일주,광주광역시 서구 화정동 859-1
1494,12,"9,189㎡",1981년 12월 08일,3종일주,광주광역시 서구 화정동 178-8
1495,12,"14,819.7㎡",1979년 07월 14일,3종일주,광주광역시 서구 화정동 131-4
1496,1,"15,776.9㎡",1987년 11월 24일,3종일주,광주광역시 서구 화정동 858-1
1497,11,"16,334.5㎡",1993년 10월 23일,3종일주,광주광역시 서구 화정동 928-1
1498,10,"18,279㎡",1985년 10월 31일,3종일주,광주광역시 서구 화정동 858-2
1499,,,,,광주광역시 서구 화정동 1708
1500,13,"13,858.1㎡",1989년 11월 15일,3종일주,광주광역시 서구 화정동 858-3
1501,15,"2,885㎡",2013년 08월 02일,일반상업,광주광역시 서구 화정동 23-37
1502,6,"12,556.9㎡",1985년 06월 15일,3종일주,광주광역시 서구 화정동 858-4
1503,5,"13,424.1㎡",1983년 12월 16일,2종일주,광주광역시 서구 화정동 830
1504,1,"4,031㎡",2013년 09월 17일,3종일주,광주광역시 서구 화정동 1023
1505,15,"4,014㎡",2003년 09월 19일,3종일주,광주광역시 서구 화정동 1295
1506,5,"2,918㎡",1983년 06월 10일,2종일주,광주광역시 서구 화정동 367-39
1507,5,"2,952㎡",1982년 02월 22일,2종일주,광주광역시 서구 화정동 367-17
1508,10,"5,479㎡",1996년 01월 15일,3종일주,광주광역시 서구 화정동 532-12
1509,12,"1,107㎡",2013년 03월 28일,준주거,광주광역시 서구 화정동 179-24
1510,1,"6,424㎡",1995년 08월 22일,3종일주,광주광역시 서구 화정동 1020
1511,5,"1,353.5㎡",1979년 06월 12일,2종일주,광주광역시 서구 화정동 747-22
1512,5,"1,353.4㎡",1979년 06월 12일,2종일주,광주광역시 서구 화정동 747-1
1513,5,"18,759㎡",1997년 07월 29일,1종일주,광주광역시 서구 화정동 366-1
1514,5,"2,399㎡",1983년 04월 23일,2종일주,광주광역시 서구 화정동 334-70
1515,5,"2,644㎡",1983년 11월 11일,2종일주,광주광역시 서구 화정동 100
1516,5,"1,773㎡",1984년 02월 17일,2종일주,광주광역시 서구 화정동 97-23
1517,5,"3,922㎡",1982년 02월 02일,2종일주,광주광역시 서구 화정동 334-6
1518,14,"13,478㎡",1995년 03월 18일,3종일주,광주광역시 서구 화정동 366-19
1519,16,"11,731.3㎡",1992년 08월 14일,3종일주,광주광역시 서구 화정동 903-2
1520,0,"43,966.5㎡",1992년 11월 04일,3종일주,광주광역시 서구 화정동 930-1
